{
	"Type": "Live2D Expression",
	"Parameters": [
		{
			"Id": "ParamBrowLX",
			"Value": 0,
			"Blend": "Add"
		},
		{
			"Id": "ParamBrowLY",
			"Value": -0.3,
			"Blend": "Add"
		},
		{
			"Id": "ParamBrowLAngle",
			"Value": -0.5,
			"Blend": "Add"
		},
		{
			"Id": "ParamBrowLForm",
			"Value": 0.4,
			"Blend": "Add"
		},
		{
			"Id": "ParamBrowRX",
			"Value": 0,
			"Blend": "Add"
		},
		{
			"Id": "ParamBrowRY",
			"Value": -0.3,
			"Blend": "Add"
		},
		{
			"Id": "ParamBrowRAngle",
			"Value": -0.5,
			"Blend": "Add"
		},
		{
			"Id": "ParamBrowRForm",
			"Value": 0.4,
			"Blend": "Add"
		},
		{
			"Id": "Param7",
			"Value": -0.6,
			"Blend": "Add"
		},
		{
			"Id": "Param6",
			"Value": -1,
			"Blend": "Add"
		},
		{
			"Id": "Param11",
			"Value": -1,
			"Blend": "Add"
		},
		{
			"Id": "ParamMouthOpenY",
			"Value": 0,
			"Blend": "Add"
		},
		{
			"Id": "ParamMouthForm",
			"Value": -1,
			"Blend": "Add"
		}
	]
}