{
	"Version": 3,
	"FileReferences": {
		"Moc": "professor.moc3",
		"Textures": [
			"professor.4096/texture_00.png",
			"professor.4096/texture_01.png"
		],
		"Physics": "professor.physics3.json",
		"DisplayInfo": "professor.cdi3.json"
	},
	"Groups": [
		{
			"Target": "Parameter",
			"Name": "LipSync",
			"Ids": [
				"ParamMouthOpenY",
				"ParamMouthForm"
			]
		},
		{
			"Target": "Parameter",
			"Name": "EyeBlink",
			"Ids": [
				"ParamEyeLOpen",
				"ParamEyeLSmile",
				"ParamEyeROpen",
				"ParamEyeRSmile",
				"ParamBrowLX",
				"ParamBrowLY",
				"ParamBrowLAngle",
				"ParamBrowLForm",
				"ParamBrowRX",
				"ParamBrowRY",
				"ParamBrowRAngle",
				"ParamBrowRForm"
			]
		}
	]
}