{
	"Version": 3,
	"Parameters": [
		{
			"Id": "ParamBodyPosition",
			"GroupId": "",
			"Name": "Body Tilt"
		},
		{
			"Id": "ParamIdle",
			"GroupId": "",
			"Name": "idle"
		},
		{
			"Id": "ParamJump",
			"GroupId": "",
			"Name": "Jump"
		},
		{
			"Id": "ParamRootPos",
			"GroupId": "",
			"Name": "root"
		},
		{
			"Id": "ParamAngleX",
			"GroupId": "ParamGroup5",
			"Name": "★ Angle X"
		},
		{
			"Id": "ParamAngleY",
			"GroupId": "ParamGroup5",
			"Name": "★ Angle Y"
		},
		{
			"Id": "ParamAngleZ",
			"GroupId": "ParamGroup5",
			"Name": "★ Angle Z"
		},
		{
			"Id": "ParamBodyAngleX",
			"GroupId": "ParamGroup5",
			"Name": "★ Body X"
		},
		{
			"Id": "ParamBodyAngleY",
			"GroupId": "ParamGroup5",
			"Name": "★ Body Y"
		},
		{
			"Id": "ParamBodyAngleZ",
			"GroupId": "ParamGroup5",
			"Name": "★ Body Z"
		},
		{
			"Id": "Param24",
			"GroupId": "ParamGroup5",
			"Name": "Body Y+"
		},
		{
			"Id": "ParamEyeBallX",
			"GroupId": "ParamGroup6",
			"Name": "★ Eyeball X"
		},
		{
			"Id": "ParamEyeBallY",
			"GroupId": "ParamGroup6",
			"Name": "★ Eyeball Y"
		},
		{
			"Id": "ParamEyeLOpen",
			"GroupId": "ParamGroup6",
			"Name": "★ Eye L Open"
		},
		{
			"Id": "ParamEyeLSmile",
			"GroupId": "ParamGroup6",
			"Name": "★ Eye L Smile"
		},
		{
			"Id": "ParamEyeROpen",
			"GroupId": "ParamGroup6",
			"Name": "★ Eye R Open"
		},
		{
			"Id": "ParamEyeRSmile",
			"GroupId": "ParamGroup6",
			"Name": "★ Eye R Smile"
		},
		{
			"Id": "ParamBrowLX",
			"GroupId": "ParamGroup10",
			"Name": "★ Brow L X"
		},
		{
			"Id": "ParamBrowLY",
			"GroupId": "ParamGroup10",
			"Name": "★ Brow L Y"
		},
		{
			"Id": "ParamBrowLAngle",
			"GroupId": "ParamGroup10",
			"Name": "★ Brow L Angle"
		},
		{
			"Id": "ParamBrowLForm",
			"GroupId": "ParamGroup10",
			"Name": "★ Brow L Form"
		},
		{
			"Id": "ParamBrowRX",
			"GroupId": "ParamGroup10",
			"Name": "★ Brow R X"
		},
		{
			"Id": "ParamBrowRY",
			"GroupId": "ParamGroup10",
			"Name": "★ Brow R Y"
		},
		{
			"Id": "ParamBrowRAngle",
			"GroupId": "ParamGroup10",
			"Name": "★ Brow R Angle"
		},
		{
			"Id": "ParamBrowRForm",
			"GroupId": "ParamGroup10",
			"Name": "★ Brow R Form"
		},
		{
			"Id": "ParamBreath",
			"GroupId": "ParamGroup10",
			"Name": "Breathing"
		},
		{
			"Id": "Param16",
			"GroupId": "ParamGroup4",
			"Name": "### R eye deform/open (Brow Y)"
		},
		{
			"Id": "Param20",
			"GroupId": "ParamGroup4",
			"Name": "### L eye deform/open (Brow Y)"
		},
		{
			"Id": "ParamYAngleEyeDeform",
			"GroupId": "ParamGroup3",
			"Name": "### Angle Y Eyes Deform"
		},
		{
			"Id": "Param17",
			"GroupId": "ParamGroup3",
			"Name": "### smile eyes (mouth form)"
		},
		{
			"Id": "Param2",
			"GroupId": "ParamGroup3",
			"Name": "### shine acc."
		},
		{
			"Id": "Param4",
			"GroupId": "ParamGroup23",
			"Name": "### R blink shine"
		},
		{
			"Id": "ParamEyeRblink_form",
			"GroupId": "ParamGroup23",
			"Name": "###R eye blinking form"
		},
		{
			"Id": "ParamEyePupilSizeRBrowY",
			"GroupId": "ParamGroup23",
			"Name": "### R Pupil size (Brow Y)"
		},
		{
			"Id": "ParamPupilRSizePhysics",
			"GroupId": "ParamGroup23",
			"Name": "### R pupil scaling blink"
		},
		{
			"Id": "Param",
			"GroupId": "ParamGroup9",
			"Name": "### L blink shine"
		},
		{
			"Id": "Param19",
			"GroupId": "ParamGroup9",
			"Name": "###L eye blinking form"
		},
		{
			"Id": "Param15",
			"GroupId": "ParamGroup9",
			"Name": "### L Pupil size (Brow Y)"
		},
		{
			"Id": "Param3",
			"GroupId": "ParamGroup9",
			"Name": "### L pupil scaling blink"
		},
		{
			"Id": "ParamCheek",
			"GroupId": "ParamGroup",
			"Name": "blush"
		},
		{
			"Id": "Param14",
			"GroupId": "ParamGroup",
			"Name": "glowing glasses"
		},
		{
			"Id": "Param5",
			"GroupId": "ParamGroup",
			"Name": "R Eye squint - wide open"
		},
		{
			"Id": "Param7",
			"GroupId": "ParamGroup",
			"Name": "colored shadow red - blue"
		},
		{
			"Id": "Param6",
			"GroupId": "ParamGroup",
			"Name": "R Eye Anger - Sad"
		},
		{
			"Id": "Param8",
			"GroupId": "ParamGroup",
			"Name": "nut"
		},
		{
			"Id": "Param11",
			"GroupId": "ParamGroup",
			"Name": "extra mouths"
		},
		{
			"Id": "Param13",
			"GroupId": "ParamGroup",
			"Name": "heart eyes - money eyes"
		},
		{
			"Id": "ParamWaistX",
			"GroupId": "ParamGroup13",
			"Name": "Waist"
		},
		{
			"Id": "Param30",
			"GroupId": "ParamGroup13",
			"Name": "Head Z Bounce"
		},
		{
			"Id": "ParamBodyZ2",
			"GroupId": "ParamGroup13",
			"Name": "### Body Z 2"
		},
		{
			"Id": "ParamBodyZ3",
			"GroupId": "ParamGroup13",
			"Name": "### Body Z3"
		},
		{
			"Id": "ParamRArmZ",
			"GroupId": "ParamGroup15",
			"Name": "R Arm Z"
		},
		{
			"Id": "ParamShoulderRY",
			"GroupId": "ParamGroup15",
			"Name": "R Shoulder Y"
		},
		{
			"Id": "ParamRArmHide",
			"GroupId": "ParamGroup15",
			"Name": "R Arm Hide"
		},
		{
			"Id": "Param23",
			"GroupId": "ParamGroup15",
			"Name": "R elbow Z"
		},
		{
			"Id": "Param21",
			"GroupId": "ParamGroup15",
			"Name": "R hand X"
		},
		{
			"Id": "Param22",
			"GroupId": "ParamGroup15",
			"Name": "R hand Y"
		},
		{
			"Id": "ParamLArm1Z",
			"GroupId": "ParamGroup14",
			"Name": "L Arm Z"
		},
		{
			"Id": "ParamShoulderLY",
			"GroupId": "ParamGroup14",
			"Name": "L Shoulder Y"
		},
		{
			"Id": "Param12",
			"GroupId": "ParamGroup14",
			"Name": "L elbow Z"
		},
		{
			"Id": "ParamLArmHide",
			"GroupId": "ParamGroup14",
			"Name": "L Arm Hide"
		},
		{
			"Id": "Param9",
			"GroupId": "ParamGroup14",
			"Name": "L hand X"
		},
		{
			"Id": "Param10",
			"GroupId": "ParamGroup14",
			"Name": "L hand Y"
		},
		{
			"Id": "ParamLegLX",
			"GroupId": "ParamGroup16",
			"Name": "L Leg X"
		},
		{
			"Id": "ParamLegLY",
			"GroupId": "ParamGroup16",
			"Name": "L Leg Y"
		},
		{
			"Id": "ParamLLegZ",
			"GroupId": "ParamGroup16",
			"Name": "L Leg Z"
		},
		{
			"Id": "ParamLegRX",
			"GroupId": "ParamGroup17",
			"Name": "R Leg X"
		},
		{
			"Id": "ParamLegRY",
			"GroupId": "ParamGroup17",
			"Name": "R Leg Y"
		},
		{
			"Id": "ParamRLegZ",
			"GroupId": "ParamGroup17",
			"Name": "R Leg Z"
		},
		{
			"Id": "ParamArmWaveAppear",
			"GroupId": "ParamGroup12",
			"Name": "Wave Appear"
		},
		{
			"Id": "ParamWristWave",
			"GroupId": "ParamGroup12",
			"Name": "Wave Wrist"
		},
		{
			"Id": "ParamWaveElbow",
			"GroupId": "ParamGroup12",
			"Name": "Wave Elbow"
		},
		{
			"Id": "ParamMouthOpenY",
			"GroupId": "ParamGroup2",
			"Name": "★ Mouth Open"
		},
		{
			"Id": "ParamMouthForm",
			"GroupId": "ParamGroup2",
			"Name": "★ Mouth Form"
		},
		{
			"Id": "ParamHFX0",
			"GroupId": "ParamGroup7",
			"Name": "HF 0"
		},
		{
			"Id": "ParamHF1X",
			"GroupId": "ParamGroup7",
			"Name": "HF1 X"
		},
		{
			"Id": "ParamHF1Y",
			"GroupId": "ParamGroup7",
			"Name": "HF1 Y"
		},
		{
			"Id": "ParamHF2X",
			"GroupId": "ParamGroup7",
			"Name": "HF2 X"
		},
		{
			"Id": "ParamHF2Y",
			"GroupId": "ParamGroup7",
			"Name": "HF2 Y"
		},
		{
			"Id": "ParamHF3X",
			"GroupId": "ParamGroup7",
			"Name": "HF3 X"
		},
		{
			"Id": "ParamHF3Y",
			"GroupId": "ParamGroup7",
			"Name": "HF3 Y"
		},
		{
			"Id": "ParamHF4X",
			"GroupId": "ParamGroup7",
			"Name": "HF4 X"
		},
		{
			"Id": "ParamHF4Y",
			"GroupId": "ParamGroup7",
			"Name": "HF4 Y"
		},
		{
			"Id": "ParamHS1X",
			"GroupId": "ParamGroup19",
			"Name": "HS1 X"
		},
		{
			"Id": "ParamHS1Y",
			"GroupId": "ParamGroup19",
			"Name": "HS1 Y"
		},
		{
			"Id": "ParamHS2X",
			"GroupId": "ParamGroup19",
			"Name": "HS2 X"
		},
		{
			"Id": "ParamHS2Y",
			"GroupId": "ParamGroup19",
			"Name": "HS2 Y"
		},
		{
			"Id": "ParamHB1X",
			"GroupId": "ParamGroup18",
			"Name": "HB1 X"
		},
		{
			"Id": "ParamHB1Y",
			"GroupId": "ParamGroup18",
			"Name": "HB1 Y"
		},
		{
			"Id": "ParamHB2X",
			"GroupId": "ParamGroup18",
			"Name": "HB2 X"
		},
		{
			"Id": "ParamParamHB2Y",
			"GroupId": "ParamGroup18",
			"Name": "HB2 Y"
		},
		{
			"Id": "ParamHB3X",
			"GroupId": "ParamGroup18",
			"Name": "HB3 X"
		},
		{
			"Id": "ParamHB3Y",
			"GroupId": "ParamGroup18",
			"Name": "HB3 Y"
		},
		{
			"Id": "ParamClothingAll",
			"GroupId": "ParamGroup20",
			"Name": "Overall Clothing"
		},
		{
			"Id": "ParamClothing4X",
			"GroupId": "ParamGroup20",
			"Name": "tie X"
		},
		{
			"Id": "Param18",
			"GroupId": "ParamGroup20",
			"Name": "tie Y"
		},
		{
			"Id": "ParamC1X1",
			"GroupId": "ParamGroup20",
			"Name": "Clothing X1"
		},
		{
			"Id": "ParamC1X2",
			"GroupId": "ParamGroup20",
			"Name": "Clothing X2"
		},
		{
			"Id": "ParamClothing3X",
			"GroupId": "ParamGroup20",
			"Name": "flappy jacket X"
		},
		{
			"Id": "ParamClothing3Y",
			"GroupId": "ParamGroup20",
			"Name": "flappy jacket Y"
		},
		{
			"Id": "ParamBustRX",
			"GroupId": "ParamGroup8",
			"Name": "Bust R X"
		},
		{
			"Id": "ParamBustRY",
			"GroupId": "ParamGroup8",
			"Name": "Bust R Y"
		},
		{
			"Id": "ParamBustLX",
			"GroupId": "ParamGroup8",
			"Name": "Bust L X"
		},
		{
			"Id": "ParamBustLY",
			"GroupId": "ParamGroup8",
			"Name": "Bust L Y"
		}
	],
	"ParameterGroups": [
		{
			"Id": "ParamGroup5",
			"GroupId": "",
			"Name": "Main"
		},
		{
			"Id": "ParamGroup6",
			"GroupId": "",
			"Name": "Eyes"
		},
		{
			"Id": "ParamGroup10",
			"GroupId": "",
			"Name": "Brows"
		},
		{
			"Id": "ParamGroup4",
			"GroupId": "",
			"Name": "Brow Y Physics"
		},
		{
			"Id": "ParamGroup3",
			"GroupId": "",
			"Name": "Eyes Physics"
		},
		{
			"Id": "ParamGroup23",
			"GroupId": "",
			"Name": "R Blink Physics"
		},
		{
			"Id": "ParamGroup9",
			"GroupId": "",
			"Name": "L Blink Physics"
		},
		{
			"Id": "ParamGroup",
			"GroupId": "",
			"Name": "Expression"
		},
		{
			"Id": "ParamGroup13",
			"GroupId": "",
			"Name": "Body Functions"
		},
		{
			"Id": "ParamGroup15",
			"GroupId": "",
			"Name": "R Arm"
		},
		{
			"Id": "ParamGroup14",
			"GroupId": "",
			"Name": "L Arm"
		},
		{
			"Id": "ParamGroup16",
			"GroupId": "",
			"Name": "L Leg"
		},
		{
			"Id": "ParamGroup17",
			"GroupId": "",
			"Name": "R  Leg"
		},
		{
			"Id": "ParamGroup12",
			"GroupId": "",
			"Name": "Wave"
		},
		{
			"Id": "ParamGroup2",
			"GroupId": "",
			"Name": "Mouth"
		},
		{
			"Id": "ParamGroup7",
			"GroupId": "",
			"Name": "Hair Front"
		},
		{
			"Id": "ParamGroup19",
			"GroupId": "",
			"Name": "Hair Side"
		},
		{
			"Id": "ParamGroup18",
			"GroupId": "",
			"Name": "Hair Back"
		},
		{
			"Id": "ParamGroup20",
			"GroupId": "",
			"Name": "Jacket"
		},
		{
			"Id": "ParamGroup8",
			"GroupId": "",
			"Name": "Bust"
		}
	],
	"Parts": [
		{
			"Id": "Part67",
			"Name": "Murdoch_v003.psd (Corresponding layer not found)"
		},
		{
			"Id": "stuff",
			"Name": "stuff"
		},
		{
			"Id": "Part32",
			"Name": "emote"
		},
		{
			"Id": "Part36",
			"Name": "hair front"
		},
		{
			"Id": "glasses",
			"Name": "glasses"
		},
		{
			"Id": "nose",
			"Name": "nose"
		},
		{
			"Id": "eyes",
			"Name": "eyes"
		},
		{
			"Id": "mouth",
			"Name": "mouth"
		},
		{
			"Id": "face2",
			"Name": "face"
		},
		{
			"Id": "ear2",
			"Name": "ear"
		},
		{
			"Id": "Torso",
			"Name": "Torso"
		},
		{
			"Id": "Arms",
			"Name": "Arms"
		},
		{
			"Id": "legs",
			"Name": "legs"
		},
		{
			"Id": "Part55",
			"Name": "hair back"
		},
		{
			"Id": "armsA",
			"Name": "Body"
		},
		{
			"Id": "Part39",
			"Name": "Hair Front"
		},
		{
			"Id": "Part4",
			"Name": "Face Cover"
		},
		{
			"Id": "Eyes3",
			"Name": "Eyes"
		},
		{
			"Id": "Part8",
			"Name": "Mouth"
		},
		{
			"Id": "blush",
			"Name": "Blush"
		},
		{
			"Id": "Face",
			"Name": "Face"
		},
		{
			"Id": "Part5",
			"Name": "Neck"
		},
		{
			"Id": "ear",
			"Name": "Ear"
		},
		{
			"Id": "Part53",
			"Name": "Necklace"
		},
		{
			"Id": "Part13",
			"Name": "Bust"
		},
		{
			"Id": "Part21",
			"Name": "Belly Stuff"
		},
		{
			"Id": "Part",
			"Name": "Torso Chest"
		},
		{
			"Id": "Part31",
			"Name": "torso"
		},
		{
			"Id": "Part14",
			"Name": "R Arm"
		},
		{
			"Id": "Part7",
			"Name": "top wing draw fix"
		},
		{
			"Id": "Part28",
			"Name": "TOP WINGS"
		},
		{
			"Id": "Part46",
			"Name": "torso"
		},
		{
			"Id": "Part49",
			"Name": "Leg L"
		},
		{
			"Id": "Part50",
			"Name": "Leg R"
		},
		{
			"Id": "Part9",
			"Name": "Hair Back"
		},
		{
			"Id": "Part25",
			"Name": "BACK 2"
		},
		{
			"Id": "Part19",
			"Name": "BACK"
		},
		{
			"Id": "Part30",
			"Name": "Ìnner Fabric"
		},
		{
			"Id": "Part59",
			"Name": "hair front"
		},
		{
			"Id": "eyes2",
			"Name": "eyes"
		},
		{
			"Id": "Torso2",
			"Name": "Torso"
		},
		{
			"Id": "legs2",
			"Name": "legs"
		},
		{
			"Id": "money",
			"Name": "money"
		},
		{
			"Id": "heart",
			"Name": "heart"
		},
		{
			"Id": "L",
			"Name": "L"
		},
		{
			"Id": "Part57",
			"Name": "Parts87"
		},
		{
			"Id": "Part48",
			"Name": "R E"
		},
		{
			"Id": "brows",
			"Name": "brows"
		},
		{
			"Id": "Part41",
			"Name": "L eye"
		},
		{
			"Id": "Part47",
			"Name": "L Jacket"
		},
		{
			"Id": "Part51",
			"Name": "R Jacket"
		},
		{
			"Id": "tie_Skinning",
			"Name": "tie(Skinning)"
		},
		{
			"Id": "Part52",
			"Name": "Arm R"
		},
		{
			"Id": "Part58",
			"Name": "Arm R"
		},
		{
			"Id": "Part54",
			"Name": "Arm L"
		},
		{
			"Id": "shoes",
			"Name": "shoes"
		},
		{
			"Id": "ArtMesh15_Skinning",
			"Name": "Hair Front Side(Skinning)"
		},
		{
			"Id": "Part37",
			"Name": "R"
		},
		{
			"Id": "Part11",
			"Name": "Eye R"
		},
		{
			"Id": "Part40",
			"Name": "Eye L"
		},
		{
			"Id": "Part62",
			"Name": "Mouth 3"
		},
		{
			"Id": "Part6",
			"Name": "AEIOU mouth"
		},
		{
			"Id": "Part18",
			"Name": "Neck Hide"
		},
		{
			"Id": "Part34",
			"Name": "R"
		},
		{
			"Id": "Part22",
			"Name": "Tentacle L"
		},
		{
			"Id": "Part23",
			"Name": "Tentacle R"
		},
		{
			"Id": "Part24",
			"Name": "Small Wings"
		},
		{
			"Id": "ArtMesh37_Skinning2",
			"Name": "R Arm(Skinning)"
		},
		{
			"Id": "ArtMesh37_Skinning",
			"Name": "R Arm(Skinning)"
		},
		{
			"Id": "Part12",
			"Name": "R Arm Hide"
		},
		{
			"Id": "Part3",
			"Name": "Chest"
		},
		{
			"Id": "Part20",
			"Name": "Arm R Wave"
		},
		{
			"Id": "Part43",
			"Name": "L Arm"
		},
		{
			"Id": "Part45",
			"Name": "Glue Shit"
		},
		{
			"Id": "Leg_Skinning",
			"Name": "Leg Main(Skinning)"
		},
		{
			"Id": "ArtMesh8_Skinning",
			"Name": "Leg Dark(Skinning)"
		},
		{
			"Id": "Part42",
			"Name": "MID WINGS"
		},
		{
			"Id": "Part35",
			"Name": "WING HEAD"
		},
		{
			"Id": "Part33",
			"Name": "WING LEGS"
		},
		{
			"Id": "Part63",
			"Name": "R Jacket"
		},
		{
			"Id": "shoes2",
			"Name": "shoes"
		},
		{
			"Id": "Part38",
			"Name": "R eye"
		},
		{
			"Id": "ArtMesh136_Skinning2",
			"Name": "arm sleeve(Skinning)"
		},
		{
			"Id": "ArtMesh136_Skinning",
			"Name": "arm sleeve(Skinning)"
		},
		{
			"Id": "Part15",
			"Name": "Hair Side"
		},
		{
			"Id": "Part2",
			"Name": "Brow R"
		},
		{
			"Id": "Part26",
			"Name": "R"
		},
		{
			"Id": "Part27",
			"Name": "R"
		},
		{
			"Id": "Part10",
			"Name": "Brow L"
		},
		{
			"Id": "Part44",
			"Name": "Glue Shit"
		},
		{
			"Id": "Part29",
			"Name": "UNDER WINGS"
		},
		{
			"Id": "Part16",
			"Name": "Hair Side L"
		},
		{
			"Id": "Part17",
			"Name": "Hair Side R"
		},
		{
			"Id": "ArtMesh27_Skinning",
			"Name": "Hair Side Long(Skinning)"
		},
		{
			"Id": "ArtMesh35_Skinning",
			"Name": "Hair Side Long(Skinning)"
		}
	],
	"CombinedParameters": [
		[
			"ParamEyeBallX",
			"ParamEyeBallY"
		],
		[
			"ParamHF1X",
			"ParamHF1Y"
		],
		[
			"ParamHF2X",
			"ParamHF2Y"
		],
		[
			"ParamHF3X",
			"ParamHF3Y"
		],
		[
			"ParamHF4X",
			"ParamHF4Y"
		],
		[
			"ParamHS1X",
			"ParamHS1Y"
		],
		[
			"ParamHS2X",
			"ParamHS2Y"
		],
		[
			"ParamHB1X",
			"ParamHB1Y"
		],
		[
			"ParamHB2X",
			"ParamParamHB2Y"
		],
		[
			"ParamHB3X",
			"ParamHB3Y"
		],
		[
			"ParamBustRX",
			"ParamBustRY"
		],
		[
			"ParamBustLX",
			"ParamBustLY"
		]
	]
}