{
	"Version": 3,
	"Meta": {
		"Duration": 3.267,
		"Fps": 30.0,
		"Loop": true,
		"AreBeziersRestricted": true,
		"CurveCount": 99,
		"TotalSegmentCount": 723,
		"TotalPointCount": 1858,
		"UserDataCount": 0,
		"TotalUserDataSize": 0
	},
	"Curves": [
		{
			"Target": "Parameter",
			"Id": "ParamBodyPosition",
			"Segments": [
				0,
				0,
				0,
				0.067,
				0,
				1,
				0.133,
				0,
				0.267,
				0,
				0.267,
				0,
				1,
				0.378,
				10,
				0.489,
				10,
				0.6,
				10,
				1,
				1.256,
				10,
				2.022,
				10,
				2.567,
				10,
				1,
				2.689,
				1.593,
				2.811,
				0,
				2.933,
				0,
				1,
				3.011,
				0,
				3.089,
				0,
				3.167,
				0,
				0,
				3.267,
				0
			]
		},
		{
			"Target": "Parameter",
			"Id": "ParamIdle",
			"Segments": [
				0,
				0,
				0,
				0.067,
				0,
				1,
				1.1,
				0,
				2.133,
				0,
				3.167,
				0,
				0,
				3.267,
				0
			]
		},
		{
			"Target": "Parameter",
			"Id": "ParamJump",
			"Segments": [
				0,
				0,
				0,
				0.067,
				0,
				1,
				1.1,
				0,
				2.133,
				0,
				3.167,
				0,
				0,
				3.267,
				0
			]
		},
		{
			"Target": "Parameter",
			"Id": "ParamRootPos",
			"Segments": [
				0,
				1,
				0,
				0.067,
				1,
				1,
				1.1,
				1,
				2.133,
				1,
				3.167,
				1,
				0,
				3.267,
				1
			]
		},
		{
			"Target": "Parameter",
			"Id": "ParamAngleX",
			"Segments": [
				0,
				0,
				0,
				0.067,
				0,
				1,
				1.1,
				0,
				2.133,
				0,
				3.167,
				0,
				0,
				3.267,
				0
			]
		},
		{
			"Target": "Parameter",
			"Id": "ParamAngleY",
			"Segments": [
				0,
				0,
				0,
				0.067,
				0,
				1,
				0.133,
				0,
				0.267,
				0,
				0.267,
				0,
				1,
				0.378,
				30,
				0.489,
				30,
				0.6,
				30,
				1,
				0.656,
				29.903,
				0.711,
				30,
				0.767,
				30,
				1,
				0.856,
				30,
				0.944,
				-2,
				1.033,
				-2,
				1,
				1.122,
				-2,
				1.211,
				0,
				1.3,
				0,
				1,
				1.922,
				0,
				2.544,
				0,
				3.167,
				0,
				0,
				3.267,
				0
			]
		},
		{
			"Target": "Parameter",
			"Id": "ParamAngleZ",
			"Segments": [
				0,
				0,
				0,
				0.067,
				0,
				1,
				1.1,
				0,
				2.133,
				0,
				3.167,
				0,
				0,
				3.267,
				0
			]
		},
		{
			"Target": "Parameter",
			"Id": "ParamBodyAngleX",
			"Segments": [
				0,
				0,
				0,
				0.067,
				0,
				1,
				1.1,
				0,
				2.133,
				0,
				3.167,
				0,
				0,
				3.267,
				0
			]
		},
		{
			"Target": "Parameter",
			"Id": "ParamBodyAngleY",
			"Segments": [
				0,
				0,
				0,
				0.067,
				0,
				1,
				1.1,
				0,
				2.133,
				0,
				3.167,
				0,
				0,
				3.267,
				0
			]
		},
		{
			"Target": "Parameter",
			"Id": "ParamBodyAngleZ",
			"Segments": [
				0,
				0,
				0,
				0.067,
				0,
				1,
				0.133,
				0,
				0.2,
				0,
				0.267,
				0,
				1,
				0.3,
				0,
				0.333,
				0,
				0.367,
				0,
				1,
				1.3,
				0,
				2.233,
				0,
				3.167,
				0,
				0,
				3.267,
				0
			]
		},
		{
			"Target": "Parameter",
			"Id": "Param24",
			"Segments": [
				0,
				0,
				0,
				0.067,
				0,
				1,
				0.133,
				0,
				0.2,
				0,
				0.267,
				0,
				1,
				0.289,
				0,
				0.311,
				-0.438,
				0.333,
				-0.438,
				1,
				0.389,
				-0.438,
				0.444,
				0.169,
				0.5,
				0.169,
				1,
				0.567,
				0.169,
				0.633,
				-0.03,
				0.7,
				-0.03,
				1,
				0.767,
				-0.03,
				0.833,
				0.334,
				0.9,
				0.334,
				1,
				0.956,
				0.334,
				1.011,
				-0.231,
				1.067,
				-0.231,
				1,
				1.133,
				-0.231,
				1.2,
				0.028,
				1.267,
				0.028,
				1,
				1.3,
				0.028,
				1.333,
				0,
				1.367,
				0,
				1,
				1.967,
				0,
				2.567,
				0,
				3.167,
				0,
				0,
				3.267,
				0
			]
		},
		{
			"Target": "Parameter",
			"Id": "ParamEyeBallX",
			"Segments": [
				0,
				0,
				0,
				0.067,
				0,
				1,
				0.311,
				0,
				0.8,
				0,
				0.8,
				0,
				1,
				0.811,
				0,
				0.822,
				0,
				0.833,
				0,
				1,
				0.889,
				-1,
				0.944,
				-1,
				1,
				-1,
				1,
				1.022,
				-1,
				1.044,
				-1,
				1.067,
				-1,
				1,
				1.144,
				0.973,
				1.222,
				1,
				1.3,
				1,
				1,
				1.322,
				1,
				1.344,
				1,
				1.367,
				1,
				1,
				1.422,
				1,
				1.478,
				-1,
				1.533,
				-1,
				1,
				1.556,
				-1,
				1.578,
				-1,
				1.6,
				-1,
				1,
				1.678,
				-1,
				1.756,
				1,
				1.833,
				1,
				1,
				1.844,
				1,
				1.856,
				1,
				1.867,
				1,
				1,
				1.967,
				1,
				2.067,
				1,
				2.167,
				1,
				1,
				2.211,
				1,
				2.256,
				0,
				2.3,
				0,
				1,
				2.367,
				0,
				2.433,
				0,
				2.5,
				0,
				1,
				2.722,
				0,
				2.944,
				0,
				3.167,
				0,
				0,
				3.267,
				0
			]
		},
		{
			"Target": "Parameter",
			"Id": "ParamEyeBallY",
			"Segments": [
				0,
				0,
				0,
				0.067,
				0,
				1,
				1.1,
				0,
				2.133,
				0,
				3.167,
				0,
				0,
				3.267,
				0
			]
		},
		{
			"Target": "Parameter",
			"Id": "ParamEyeLOpen",
			"Segments": [
				0,
				1,
				0,
				0.067,
				1,
				1,
				0.156,
				1,
				0.244,
				1,
				0.333,
				1,
				0,
				0.4,
				0,
				1,
				0.456,
				0,
				0.511,
				1,
				0.567,
				1,
				1,
				0.611,
				1,
				0.656,
				1,
				0.7,
				1,
				1,
				0.722,
				1,
				0.744,
				0,
				0.767,
				0,
				1,
				0.789,
				0,
				0.811,
				1,
				0.833,
				1,
				1,
				1.256,
				1,
				1.678,
				1,
				2.1,
				1,
				1,
				2.122,
				1,
				2.144,
				0,
				2.167,
				0,
				1,
				2.3,
				0,
				2.433,
				1,
				2.567,
				1,
				1,
				2.644,
				1,
				2.722,
				1,
				2.8,
				1,
				1,
				2.922,
				1,
				3.044,
				1,
				3.167,
				1,
				0,
				3.267,
				1
			]
		},
		{
			"Target": "Parameter",
			"Id": "ParamEyeLSmile",
			"Segments": [
				0,
				0,
				0,
				0.067,
				0,
				1,
				1.1,
				0,
				2.133,
				0,
				3.167,
				0,
				0,
				3.267,
				0
			]
		},
		{
			"Target": "Parameter",
			"Id": "ParamEyeROpen",
			"Segments": [
				0,
				1,
				0,
				0.067,
				1,
				1,
				0.156,
				1,
				0.244,
				1,
				0.333,
				1,
				0,
				0.4,
				0,
				1,
				0.456,
				0,
				0.511,
				1,
				0.567,
				1,
				1,
				0.611,
				1,
				0.656,
				1,
				0.7,
				1,
				1,
				0.722,
				1,
				0.744,
				0,
				0.767,
				0,
				1,
				0.789,
				0,
				0.811,
				1,
				0.833,
				1,
				1,
				1.256,
				1,
				1.678,
				1,
				2.1,
				1,
				1,
				2.122,
				1,
				2.144,
				0,
				2.167,
				0,
				1,
				2.3,
				0,
				2.433,
				1,
				2.567,
				1,
				1,
				2.644,
				1,
				2.722,
				1,
				2.8,
				1,
				1,
				2.922,
				1,
				3.044,
				1,
				3.167,
				1,
				0,
				3.267,
				1
			]
		},
		{
			"Target": "Parameter",
			"Id": "ParamEyeRSmile",
			"Segments": [
				0,
				0,
				0,
				0.067,
				0,
				1,
				1.1,
				0,
				2.133,
				0,
				3.167,
				0,
				0,
				3.267,
				0
			]
		},
		{
			"Target": "Parameter",
			"Id": "ParamBrowLX",
			"Segments": [
				0,
				0,
				0,
				0.067,
				0,
				1,
				1.1,
				0,
				2.133,
				0,
				3.167,
				0,
				0,
				3.267,
				0
			]
		},
		{
			"Target": "Parameter",
			"Id": "ParamBrowLY",
			"Segments": [
				0,
				0,
				0,
				0.067,
				0,
				1,
				0.189,
				0,
				0.433,
				0,
				0.433,
				0,
				1,
				0.5,
				0.868,
				0.567,
				1,
				0.633,
				1,
				1,
				0.667,
				1,
				0.7,
				1,
				0.733,
				1,
				1,
				0.822,
				1,
				0.911,
				-0.6,
				1,
				-0.6,
				1,
				1.4,
				-0.6,
				1.8,
				-0.6,
				2.2,
				-0.6,
				1,
				2.233,
				-0.6,
				2.267,
				0,
				2.3,
				0,
				1,
				2.589,
				0,
				2.878,
				0,
				3.167,
				0,
				0,
				3.267,
				0
			]
		},
		{
			"Target": "Parameter",
			"Id": "ParamBrowLAngle",
			"Segments": [
				0,
				0,
				0,
				0.067,
				0,
				1,
				0.133,
				0,
				0.2,
				0,
				0.267,
				0,
				1,
				0.389,
				0,
				0.511,
				0,
				0.633,
				0,
				1,
				0.756,
				0,
				0.878,
				1,
				1,
				1,
				1,
				1.4,
				1,
				1.8,
				1,
				2.2,
				1,
				1,
				2.233,
				1,
				2.267,
				0,
				2.3,
				0,
				1,
				2.589,
				0,
				2.878,
				0,
				3.167,
				0,
				0,
				3.267,
				0
			]
		},
		{
			"Target": "Parameter",
			"Id": "ParamBrowLForm",
			"Segments": [
				0,
				0,
				0,
				0.067,
				0,
				1,
				0.2,
				0,
				0.333,
				0,
				0.467,
				0,
				0,
				0.867,
				0.6,
				1,
				1.278,
				0.6,
				1.689,
				0.6,
				2.1,
				0.6,
				1,
				2.167,
				0.6,
				2.233,
				0,
				2.3,
				0,
				1,
				2.589,
				0,
				2.878,
				0,
				3.167,
				0,
				0,
				3.267,
				0
			]
		},
		{
			"Target": "Parameter",
			"Id": "ParamBrowRX",
			"Segments": [
				0,
				0,
				0,
				0.067,
				0,
				1,
				1.1,
				0,
				2.133,
				0,
				3.167,
				0,
				0,
				3.267,
				0
			]
		},
		{
			"Target": "Parameter",
			"Id": "ParamBrowRY",
			"Segments": [
				0,
				0,
				0,
				0.067,
				0,
				1,
				0.189,
				0,
				0.433,
				0,
				0.433,
				0,
				1,
				0.5,
				0.868,
				0.567,
				1,
				0.633,
				1,
				1,
				0.667,
				1,
				0.7,
				1,
				0.733,
				1,
				1,
				0.822,
				1,
				0.911,
				-0.6,
				1,
				-0.6,
				1,
				1.4,
				-0.6,
				1.8,
				-0.6,
				2.2,
				-0.6,
				1,
				2.233,
				-0.6,
				2.267,
				0,
				2.3,
				0,
				1,
				2.589,
				0,
				2.878,
				0,
				3.167,
				0,
				0,
				3.267,
				0
			]
		},
		{
			"Target": "Parameter",
			"Id": "ParamBrowRAngle",
			"Segments": [
				0,
				0,
				0,
				0.067,
				0,
				1,
				0.256,
				0,
				0.444,
				0,
				0.633,
				0,
				1,
				0.756,
				0,
				0.878,
				1,
				1,
				1,
				1,
				1.4,
				1,
				1.8,
				1,
				2.2,
				1,
				1,
				2.233,
				1,
				2.267,
				0,
				2.3,
				0,
				1,
				2.589,
				0,
				2.878,
				0,
				3.167,
				0,
				0,
				3.267,
				0
			]
		},
		{
			"Target": "Parameter",
			"Id": "ParamBrowRForm",
			"Segments": [
				0,
				0,
				0,
				0.067,
				0,
				1,
				0.133,
				0,
				0.2,
				0,
				0.267,
				0,
				1,
				0.333,
				0,
				0.4,
				0,
				0.467,
				0,
				1,
				0.6,
				0,
				0.733,
				0.6,
				0.867,
				0.6,
				1,
				1.278,
				0.6,
				1.689,
				0.6,
				2.1,
				0.6,
				1,
				2.167,
				0.6,
				2.233,
				0,
				2.3,
				0,
				1,
				2.589,
				0,
				2.878,
				0,
				3.167,
				0,
				0,
				3.267,
				0
			]
		},
		{
			"Target": "Parameter",
			"Id": "ParamBreath",
			"Segments": [
				0,
				0,
				0,
				0.067,
				0,
				1,
				1.1,
				0,
				2.133,
				0,
				3.167,
				0,
				0,
				3.267,
				0
			]
		},
		{
			"Target": "Parameter",
			"Id": "Param16",
			"Segments": [
				0,
				0,
				0,
				0.067,
				0,
				1,
				0.189,
				0,
				0.311,
				0,
				0.433,
				0,
				1,
				0.533,
				0,
				0.633,
				-0.744,
				0.733,
				-0.744,
				1,
				1.022,
				-0.744,
				1.311,
				0.45,
				1.6,
				0.45,
				1,
				1.611,
				0.45,
				1.622,
				0.45,
				1.633,
				0.45,
				1,
				1.644,
				0.45,
				1.656,
				0.45,
				1.667,
				0.45,
				1,
				1.844,
				0.45,
				2.022,
				0.45,
				2.2,
				0.45,
				1,
				2.278,
				0.45,
				2.356,
				0,
				2.433,
				0,
				1,
				2.678,
				0,
				2.922,
				0,
				3.167,
				0,
				0,
				3.267,
				0
			]
		},
		{
			"Target": "Parameter",
			"Id": "Param20",
			"Segments": [
				0,
				0,
				0,
				0.067,
				0,
				1,
				0.189,
				0,
				0.311,
				0,
				0.433,
				0,
				1,
				0.533,
				0,
				0.633,
				-0.744,
				0.733,
				-0.744,
				1,
				1.022,
				-0.744,
				1.311,
				0.45,
				1.6,
				0.45,
				1,
				1.611,
				0.45,
				1.622,
				0.45,
				1.633,
				0.45,
				1,
				1.644,
				0.45,
				1.656,
				0.45,
				1.667,
				0.45,
				1,
				1.844,
				0.45,
				2.022,
				0.45,
				2.2,
				0.45,
				1,
				2.278,
				0.45,
				2.356,
				0,
				2.433,
				0,
				1,
				2.678,
				0,
				2.922,
				0,
				3.167,
				0,
				0,
				3.267,
				0
			]
		},
		{
			"Target": "Parameter",
			"Id": "ParamYAngleEyeDeform",
			"Segments": [
				0,
				0,
				0,
				0.067,
				0,
				1,
				0.133,
				0,
				0.2,
				-0.008,
				0.267,
				-0.008,
				1,
				0.378,
				-0.008,
				0.489,
				0.878,
				0.6,
				0.878,
				1,
				0.622,
				0.878,
				0.644,
				0.877,
				0.667,
				0.877,
				1,
				0.7,
				0.877,
				0.733,
				0.878,
				0.767,
				0.878,
				1,
				0.856,
				0.878,
				0.944,
				-0.085,
				1.033,
				-0.085,
				1,
				1.122,
				-0.085,
				1.211,
				-0.023,
				1.3,
				-0.023,
				1,
				1.522,
				-0.023,
				1.744,
				-0.023,
				1.967,
				-0.023,
				1,
				1.978,
				-0.023,
				1.989,
				-0.023,
				2,
				-0.023,
				1,
				2.389,
				-0.023,
				2.778,
				0,
				3.167,
				0,
				0,
				3.267,
				0
			]
		},
		{
			"Target": "Parameter",
			"Id": "Param17",
			"Segments": [
				0,
				0,
				0,
				0.067,
				0,
				1,
				1.1,
				0,
				2.133,
				0,
				3.167,
				0,
				0,
				3.267,
				0
			]
		},
		{
			"Target": "Parameter",
			"Id": "Param2",
			"Segments": [
				0,
				0,
				0,
				0.067,
				0,
				1,
				0.322,
				0,
				0.578,
				0,
				0.833,
				0,
				1,
				0.856,
				0,
				0.878,
				0.255,
				0.9,
				0.255,
				1,
				0.989,
				0.255,
				1.078,
				-0.517,
				1.167,
				-0.517,
				1,
				1.278,
				-0.517,
				1.389,
				0.595,
				1.5,
				0.595,
				1,
				1.589,
				0.595,
				1.678,
				-0.562,
				1.767,
				-0.562,
				1,
				1.856,
				-0.562,
				1.944,
				0.2,
				2.033,
				0.2,
				1,
				2.078,
				0.2,
				2.122,
				0.063,
				2.167,
				0.063,
				1,
				2.2,
				0.063,
				2.233,
				0.232,
				2.267,
				0.232,
				1,
				2.344,
				0.232,
				2.422,
				-0.107,
				2.5,
				-0.107,
				1,
				2.6,
				-0.107,
				2.7,
				0.027,
				2.8,
				0.027,
				1,
				2.922,
				0.027,
				3.044,
				0,
				3.167,
				0,
				0,
				3.267,
				0
			]
		},
		{
			"Target": "Parameter",
			"Id": "Param4",
			"Segments": [
				0,
				0,
				0,
				0.067,
				0,
				1,
				0.178,
				0,
				0.289,
				-0.517,
				0.4,
				-0.517,
				1,
				0.411,
				-0.517,
				0.422,
				0.569,
				0.433,
				0.569,
				1,
				0.544,
				0.569,
				0.656,
				-0.514,
				0.767,
				-0.514,
				1,
				0.778,
				-0.514,
				0.789,
				0.505,
				0.8,
				0.505,
				1,
				0.833,
				0.505,
				0.867,
				-0.473,
				0.9,
				-0.473,
				1,
				1.033,
				-0.473,
				1.167,
				0.155,
				1.3,
				0.155,
				1,
				1.433,
				0.155,
				1.567,
				-0.067,
				1.7,
				-0.067,
				1,
				1.822,
				-0.067,
				1.944,
				0.03,
				2.067,
				0.03,
				1,
				2.1,
				0.03,
				2.133,
				-0.513,
				2.167,
				-0.513,
				1,
				2.178,
				-0.513,
				2.189,
				0.547,
				2.2,
				0.547,
				1,
				2.289,
				0.547,
				2.378,
				-0.511,
				2.467,
				-0.511,
				1,
				2.6,
				-0.511,
				2.733,
				0.161,
				2.867,
				0.161,
				1,
				2.967,
				0.161,
				3.067,
				0,
				3.167,
				0,
				0,
				3.267,
				0
			]
		},
		{
			"Target": "Parameter",
			"Id": "ParamEyeRblink_form",
			"Segments": [
				0,
				0,
				0,
				0.067,
				0,
				1,
				0.156,
				0,
				0.244,
				0,
				0.333,
				0,
				1,
				0.356,
				0,
				0.378,
				0.415,
				0.4,
				0.415,
				1,
				0.422,
				0.415,
				0.444,
				-0.362,
				0.467,
				-0.362,
				1,
				0.511,
				-0.362,
				0.556,
				0.105,
				0.6,
				0.105,
				1,
				0.633,
				0.105,
				0.667,
				-0.004,
				0.7,
				-0.004,
				1,
				0.722,
				-0.004,
				0.744,
				0.412,
				0.767,
				0.412,
				1,
				0.789,
				0.412,
				0.811,
				-0.518,
				0.833,
				-0.518,
				1,
				0.856,
				-0.518,
				0.878,
				0.167,
				0.9,
				0.167,
				1,
				0.944,
				0.167,
				0.989,
				-0.012,
				1.033,
				-0.012,
				1,
				1.067,
				-0.012,
				1.1,
				0.001,
				1.133,
				0.001,
				1,
				1.178,
				0.001,
				1.222,
				0,
				1.267,
				0,
				1,
				1.311,
				0,
				1.356,
				0,
				1.4,
				0,
				1,
				1.433,
				0,
				1.467,
				0,
				1.5,
				0,
				1,
				1.511,
				0,
				1.522,
				0,
				1.533,
				0,
				1,
				1.567,
				0,
				1.6,
				0,
				1.633,
				0,
				1,
				1.789,
				0,
				1.944,
				0,
				2.1,
				0,
				1,
				2.122,
				0,
				2.144,
				0.415,
				2.167,
				0.415,
				1,
				2.189,
				0.415,
				2.211,
				-0.501,
				2.233,
				-0.501,
				1,
				2.267,
				-0.501,
				2.3,
				0.13,
				2.333,
				0.13,
				1,
				2.367,
				0.13,
				2.4,
				-0.011,
				2.433,
				-0.011,
				1,
				2.478,
				-0.011,
				2.522,
				0.001,
				2.567,
				0.001,
				1,
				2.611,
				0.001,
				2.656,
				0,
				2.7,
				0,
				1,
				2.744,
				0,
				2.789,
				0,
				2.833,
				0,
				1,
				2.867,
				0,
				2.9,
				0,
				2.933,
				0,
				1,
				3.011,
				0,
				3.089,
				0,
				3.167,
				0,
				0,
				3.267,
				0
			]
		},
		{
			"Target": "Parameter",
			"Id": "ParamEyePupilSizeRBrowY",
			"Segments": [
				0,
				0,
				0,
				0.067,
				0,
				1,
				0.189,
				0,
				0.311,
				0,
				0.433,
				0,
				1,
				0.489,
				0,
				0.544,
				0.266,
				0.6,
				0.266,
				1,
				0.733,
				0.266,
				0.867,
				-0.326,
				1,
				-0.326,
				1,
				1.444,
				-0.326,
				1.889,
				0.168,
				2.333,
				0.168,
				1,
				2.422,
				0.168,
				2.511,
				0.073,
				2.6,
				0.073,
				1,
				2.611,
				0.073,
				2.622,
				0.1,
				2.633,
				0.1,
				1,
				2.733,
				0.1,
				2.833,
				0,
				2.933,
				0,
				1,
				3.011,
				0,
				3.089,
				0,
				3.167,
				0,
				0,
				3.267,
				0
			]
		},
		{
			"Target": "Parameter",
			"Id": "ParamPupilRSizePhysics",
			"Segments": [
				0,
				0,
				0,
				0.067,
				0,
				1,
				0.167,
				0,
				0.267,
				0.102,
				0.367,
				0.102,
				1,
				0.378,
				0.102,
				0.389,
				0.076,
				0.4,
				0.076,
				1,
				0.411,
				0.076,
				0.422,
				0.787,
				0.433,
				0.787,
				1,
				0.456,
				0.787,
				0.478,
				0.037,
				0.5,
				0.037,
				1,
				0.522,
				0.037,
				0.544,
				0.367,
				0.567,
				0.367,
				1,
				0.656,
				0.367,
				0.744,
				-0.002,
				0.833,
				-0.002,
				1,
				0.844,
				-0.002,
				0.856,
				0.872,
				0.867,
				0.872,
				1,
				1,
				0.872,
				1.133,
				-0.091,
				1.267,
				-0.091,
				1,
				1.378,
				-0.091,
				1.489,
				0.054,
				1.6,
				0.054,
				1,
				1.733,
				0.054,
				1.867,
				-0.024,
				2,
				-0.024,
				1,
				2.044,
				-0.024,
				2.089,
				0.108,
				2.133,
				0.108,
				1,
				2.167,
				0.108,
				2.2,
				0.021,
				2.233,
				0.021,
				1,
				2.244,
				0.021,
				2.256,
				0.579,
				2.267,
				0.579,
				1,
				2.278,
				0.579,
				2.289,
				-0.013,
				2.3,
				-0.013,
				1,
				2.367,
				-0.013,
				2.433,
				0.399,
				2.5,
				0.399,
				1,
				2.589,
				0.399,
				2.678,
				-0.144,
				2.767,
				-0.144,
				1,
				2.9,
				-0.144,
				3.033,
				0,
				3.167,
				0,
				0,
				3.267,
				0
			]
		},
		{
			"Target": "Parameter",
			"Id": "Param",
			"Segments": [
				0,
				0,
				0,
				0.067,
				0,
				1,
				0.178,
				0,
				0.289,
				-0.517,
				0.4,
				-0.517,
				1,
				0.411,
				-0.517,
				0.422,
				0.569,
				0.433,
				0.569,
				1,
				0.544,
				0.569,
				0.656,
				-0.514,
				0.767,
				-0.514,
				1,
				0.778,
				-0.514,
				0.789,
				0.505,
				0.8,
				0.505,
				1,
				0.833,
				0.505,
				0.867,
				-0.473,
				0.9,
				-0.473,
				1,
				1.033,
				-0.473,
				1.167,
				0.155,
				1.3,
				0.155,
				1,
				1.433,
				0.155,
				1.567,
				-0.067,
				1.7,
				-0.067,
				1,
				1.822,
				-0.067,
				1.944,
				0.03,
				2.067,
				0.03,
				1,
				2.1,
				0.03,
				2.133,
				-0.513,
				2.167,
				-0.513,
				1,
				2.178,
				-0.513,
				2.189,
				0.547,
				2.2,
				0.547,
				1,
				2.289,
				0.547,
				2.378,
				-0.511,
				2.467,
				-0.511,
				1,
				2.6,
				-0.511,
				2.733,
				0.161,
				2.867,
				0.161,
				1,
				2.967,
				0.161,
				3.067,
				0,
				3.167,
				0,
				0,
				3.267,
				0
			]
		},
		{
			"Target": "Parameter",
			"Id": "Param19",
			"Segments": [
				0,
				0,
				0,
				0.067,
				0,
				1,
				0.156,
				0,
				0.244,
				0,
				0.333,
				0,
				1,
				0.356,
				0,
				0.378,
				1.452,
				0.4,
				1.452,
				1,
				0.422,
				1.452,
				0.444,
				-1,
				0.467,
				-1,
				1,
				0.478,
				-1,
				0.489,
				-1,
				0.5,
				-1,
				1,
				0.533,
				-1,
				0.567,
				0.368,
				0.6,
				0.368,
				1,
				0.633,
				0.368,
				0.667,
				-0.015,
				0.7,
				-0.015,
				1,
				0.722,
				-0.015,
				0.744,
				1.442,
				0.767,
				1.442,
				1,
				0.778,
				1.442,
				0.789,
				-1,
				0.8,
				-1,
				1,
				0.811,
				-1,
				0.822,
				-1,
				0.833,
				-1,
				1,
				0.856,
				-1,
				0.878,
				0.585,
				0.9,
				0.585,
				1,
				0.944,
				0.585,
				0.989,
				-0.043,
				1.033,
				-0.043,
				1,
				1.067,
				-0.043,
				1.1,
				0.004,
				1.133,
				0.004,
				1,
				1.178,
				0.004,
				1.222,
				0,
				1.267,
				0,
				1,
				1.311,
				0,
				1.356,
				0,
				1.4,
				0,
				1,
				1.433,
				0,
				1.467,
				0,
				1.5,
				0,
				1,
				1.511,
				0,
				1.522,
				0,
				1.533,
				0,
				1,
				1.567,
				0,
				1.6,
				0,
				1.633,
				0,
				1,
				1.789,
				0,
				1.944,
				0,
				2.1,
				0,
				1,
				2.122,
				0,
				2.144,
				1.452,
				2.167,
				1.452,
				1,
				2.178,
				1.452,
				2.189,
				-1,
				2.2,
				-1,
				1,
				2.211,
				-1,
				2.222,
				-1,
				2.233,
				-1,
				1,
				2.267,
				-1,
				2.3,
				0.455,
				2.333,
				0.455,
				1,
				2.367,
				0.455,
				2.4,
				-0.038,
				2.433,
				-0.038,
				1,
				2.478,
				-0.038,
				2.522,
				0.003,
				2.567,
				0.003,
				1,
				2.611,
				0.003,
				2.656,
				0,
				2.7,
				0,
				1,
				2.744,
				0,
				2.789,
				0,
				2.833,
				0,
				1,
				2.867,
				0,
				2.9,
				0,
				2.933,
				0,
				1,
				3.011,
				0,
				3.089,
				0,
				3.167,
				0,
				0,
				3.267,
				0
			]
		},
		{
			"Target": "Parameter",
			"Id": "Param15",
			"Segments": [
				0,
				0,
				0,
				0.067,
				0,
				1,
				0.189,
				0,
				0.311,
				0,
				0.433,
				0,
				1,
				0.489,
				0,
				0.544,
				0.315,
				0.6,
				0.315,
				1,
				0.733,
				0.315,
				0.867,
				-0.386,
				1,
				-0.386,
				1,
				1.444,
				-0.386,
				1.889,
				0.199,
				2.333,
				0.199,
				1,
				2.422,
				0.199,
				2.511,
				0.086,
				2.6,
				0.086,
				1,
				2.611,
				0.086,
				2.622,
				0.118,
				2.633,
				0.118,
				1,
				2.733,
				0.118,
				2.833,
				0,
				2.933,
				0,
				1,
				3.011,
				0,
				3.089,
				0,
				3.167,
				0,
				0,
				3.267,
				0
			]
		},
		{
			"Target": "Parameter",
			"Id": "Param3",
			"Segments": [
				0,
				0,
				0,
				0.067,
				0,
				1,
				0.167,
				0,
				0.267,
				0.102,
				0.367,
				0.102,
				1,
				0.378,
				0.102,
				0.389,
				0.076,
				0.4,
				0.076,
				1,
				0.411,
				0.076,
				0.422,
				0.787,
				0.433,
				0.787,
				1,
				0.456,
				0.787,
				0.478,
				0.037,
				0.5,
				0.037,
				1,
				0.522,
				0.037,
				0.544,
				0.367,
				0.567,
				0.367,
				1,
				0.656,
				0.367,
				0.744,
				-0.002,
				0.833,
				-0.002,
				1,
				0.844,
				-0.002,
				0.856,
				0.872,
				0.867,
				0.872,
				1,
				1,
				0.872,
				1.133,
				-0.091,
				1.267,
				-0.091,
				1,
				1.378,
				-0.091,
				1.489,
				0.054,
				1.6,
				0.054,
				1,
				1.733,
				0.054,
				1.867,
				-0.024,
				2,
				-0.024,
				1,
				2.044,
				-0.024,
				2.089,
				0.108,
				2.133,
				0.108,
				1,
				2.167,
				0.108,
				2.2,
				0.021,
				2.233,
				0.021,
				1,
				2.244,
				0.021,
				2.256,
				0.579,
				2.267,
				0.579,
				1,
				2.278,
				0.579,
				2.289,
				-0.013,
				2.3,
				-0.013,
				1,
				2.367,
				-0.013,
				2.433,
				0.399,
				2.5,
				0.399,
				1,
				2.589,
				0.399,
				2.678,
				-0.144,
				2.767,
				-0.144,
				1,
				2.9,
				-0.144,
				3.033,
				0,
				3.167,
				0,
				0,
				3.267,
				0
			]
		},
		{
			"Target": "Parameter",
			"Id": "ParamCheek",
			"Segments": [
				0,
				0,
				0,
				0.067,
				0,
				1,
				1.1,
				0,
				2.133,
				0,
				3.167,
				0,
				0,
				3.267,
				0
			]
		},
		{
			"Target": "Parameter",
			"Id": "Param14",
			"Segments": [
				0,
				0,
				0,
				0.067,
				0,
				1,
				1.1,
				0,
				2.133,
				0,
				3.167,
				0,
				0,
				3.267,
				0
			]
		},
		{
			"Target": "Parameter",
			"Id": "Param5",
			"Segments": [
				0,
				0,
				0,
				0.067,
				0,
				1,
				0.133,
				0,
				0.2,
				0,
				0.267,
				0,
				0,
				0.4,
				1,
				1,
				1.156,
				1,
				1.911,
				1,
				2.667,
				1,
				1,
				2.711,
				1,
				2.756,
				0,
				2.8,
				0,
				1,
				2.922,
				0,
				3.044,
				0,
				3.167,
				0,
				0,
				3.267,
				0
			]
		},
		{
			"Target": "Parameter",
			"Id": "Param7",
			"Segments": [
				0,
				0,
				0,
				0.067,
				0,
				1,
				0.133,
				0,
				0.2,
				0,
				0.267,
				0,
				1,
				0.356,
				0,
				0.444,
				1,
				0.533,
				1,
				1,
				1.211,
				1,
				1.889,
				1,
				2.567,
				1,
				1,
				2.589,
				1,
				2.611,
				0,
				2.633,
				0,
				1,
				2.811,
				0,
				2.989,
				0,
				3.167,
				0,
				0,
				3.267,
				0
			]
		},
		{
			"Target": "Parameter",
			"Id": "Param6",
			"Segments": [
				0,
				0,
				0,
				0.067,
				0,
				1,
				0.133,
				0,
				0.2,
				0,
				0.267,
				0,
				0,
				0.4,
				1,
				1,
				1.067,
				1,
				1.733,
				1,
				2.4,
				1,
				1,
				2.467,
				1,
				2.533,
				0,
				2.6,
				0,
				1,
				2.789,
				0,
				2.978,
				0,
				3.167,
				0,
				0,
				3.267,
				0
			]
		},
		{
			"Target": "Parameter",
			"Id": "Param8",
			"Segments": [
				0,
				0,
				0,
				0.067,
				0,
				1,
				0.167,
				0,
				0.267,
				0,
				0.367,
				0,
				0,
				0.4,
				1,
				1,
				1.156,
				1,
				1.911,
				1,
				2.667,
				1,
				1,
				2.689,
				1,
				2.711,
				0,
				2.733,
				0,
				1,
				2.878,
				0,
				3.022,
				0,
				3.167,
				0,
				0,
				3.267,
				0
			]
		},
		{
			"Target": "Parameter",
			"Id": "Param11",
			"Segments": [
				0,
				0,
				0,
				0.067,
				0,
				1,
				0.156,
				0,
				0.244,
				0,
				0.333,
				0,
				0,
				0.367,
				1,
				1,
				1.156,
				1,
				1.944,
				1,
				2.733,
				1,
				1,
				2.744,
				1,
				2.756,
				0,
				2.767,
				0,
				1,
				2.9,
				0,
				3.033,
				0,
				3.167,
				0,
				0,
				3.267,
				0
			]
		},
		{
			"Target": "Parameter",
			"Id": "Param13",
			"Segments": [
				0,
				0,
				0,
				0.067,
				0,
				1,
				1.1,
				0,
				2.133,
				0,
				3.167,
				0,
				0,
				3.267,
				0
			]
		},
		{
			"Target": "Parameter",
			"Id": "ParamWaistX",
			"Segments": [
				0,
				0,
				0,
				0.067,
				0,
				1,
				1.1,
				0,
				2.133,
				0,
				3.167,
				0,
				0,
				3.267,
				0
			]
		},
		{
			"Target": "Parameter",
			"Id": "Param30",
			"Segments": [
				0,
				0,
				0,
				0.067,
				0,
				1,
				1.1,
				0,
				2.133,
				0,
				3.167,
				0,
				0,
				3.267,
				0
			]
		},
		{
			"Target": "Parameter",
			"Id": "ParamBodyZ2",
			"Segments": [
				0,
				0,
				0,
				0.067,
				0,
				1,
				1.1,
				0,
				2.133,
				0,
				3.167,
				0,
				0,
				3.267,
				0
			]
		},
		{
			"Target": "Parameter",
			"Id": "ParamBodyZ3",
			"Segments": [
				0,
				0,
				0,
				0.067,
				0,
				1,
				1.1,
				0,
				2.133,
				0,
				3.167,
				0,
				0,
				3.267,
				0
			]
		},
		{
			"Target": "Parameter",
			"Id": "ParamRArmZ",
			"Segments": [
				0,
				0,
				0,
				0.067,
				0,
				1,
				0.133,
				0,
				0.2,
				0,
				0.267,
				0,
				1,
				0.322,
				0,
				0.378,
				-0.031,
				0.433,
				-0.031,
				1,
				0.622,
				-0.031,
				0.811,
				0.052,
				1,
				0.052,
				1,
				1.189,
				0.052,
				1.378,
				-0.024,
				1.567,
				-0.024,
				1,
				1.789,
				-0.024,
				2.011,
				0.01,
				2.233,
				0.01,
				1,
				2.444,
				0.01,
				2.656,
				-0.004,
				2.867,
				-0.004,
				1,
				2.967,
				-0.004,
				3.067,
				0,
				3.167,
				0,
				0,
				3.267,
				0
			]
		},
		{
			"Target": "Parameter",
			"Id": "ParamShoulderRY",
			"Segments": [
				0,
				0,
				0,
				0.267,
				0,
				1,
				0.3,
				0,
				0.333,
				-0.044,
				0.367,
				-0.044,
				1,
				0.556,
				-0.044,
				0.744,
				0.151,
				0.933,
				0.151,
				1,
				1.1,
				0.151,
				1.267,
				-0.156,
				1.433,
				-0.156,
				1,
				1.667,
				-0.156,
				1.9,
				0.065,
				2.133,
				0.065,
				1,
				2.344,
				0.065,
				2.556,
				-0.027,
				2.767,
				-0.027,
				0,
				3.267,
				-0.027
			]
		},
		{
			"Target": "Parameter",
			"Id": "Param23",
			"Segments": [
				0,
				0,
				0,
				0.067,
				0,
				1,
				1.1,
				0,
				2.133,
				0,
				3.167,
				0,
				0,
				3.267,
				0
			]
		},
		{
			"Target": "Parameter",
			"Id": "Param21",
			"Segments": [
				0,
				0,
				0,
				0.067,
				0,
				1,
				1.1,
				0,
				2.133,
				0,
				3.167,
				0,
				0,
				3.267,
				0
			]
		},
		{
			"Target": "Parameter",
			"Id": "Param22",
			"Segments": [
				0,
				0,
				0,
				0.067,
				0,
				1,
				1.1,
				0,
				2.133,
				0,
				3.167,
				0,
				0,
				3.267,
				0
			]
		},
		{
			"Target": "Parameter",
			"Id": "ParamLArm1Z",
			"Segments": [
				0,
				0,
				0,
				0.067,
				0,
				1,
				0.133,
				0,
				0.2,
				0,
				0.267,
				0,
				1,
				0.322,
				0,
				0.378,
				-0.031,
				0.433,
				-0.031,
				1,
				0.622,
				-0.031,
				0.811,
				0.052,
				1,
				0.052,
				1,
				1.189,
				0.052,
				1.378,
				-0.024,
				1.567,
				-0.024,
				1,
				1.789,
				-0.024,
				2.011,
				0.01,
				2.233,
				0.01,
				1,
				2.444,
				0.01,
				2.656,
				-0.004,
				2.867,
				-0.004,
				1,
				2.967,
				-0.004,
				3.067,
				0,
				3.167,
				0,
				0,
				3.267,
				0
			]
		},
		{
			"Target": "Parameter",
			"Id": "ParamShoulderLY",
			"Segments": [
				0,
				0,
				0,
				0.267,
				0,
				1,
				0.3,
				0,
				0.333,
				-0.044,
				0.367,
				-0.044,
				1,
				0.556,
				-0.044,
				0.744,
				0.151,
				0.933,
				0.151,
				1,
				1.1,
				0.151,
				1.267,
				-0.156,
				1.433,
				-0.156,
				1,
				1.667,
				-0.156,
				1.9,
				0.065,
				2.133,
				0.065,
				1,
				2.344,
				0.065,
				2.556,
				-0.027,
				2.767,
				-0.027,
				0,
				3.267,
				-0.027
			]
		},
		{
			"Target": "Parameter",
			"Id": "Param12",
			"Segments": [
				0,
				0,
				0,
				0.067,
				0,
				1,
				1.1,
				0,
				2.133,
				0,
				3.167,
				0,
				0,
				3.267,
				0
			]
		},
		{
			"Target": "Parameter",
			"Id": "ParamLArmHide",
			"Segments": [
				0,
				0,
				0,
				0.067,
				0,
				1,
				1.1,
				0,
				2.133,
				0,
				3.167,
				0,
				0,
				3.267,
				0
			]
		},
		{
			"Target": "Parameter",
			"Id": "Param9",
			"Segments": [
				0,
				0,
				0,
				0.067,
				0,
				1,
				1.1,
				0,
				2.133,
				0,
				3.167,
				0,
				0,
				3.267,
				0
			]
		},
		{
			"Target": "Parameter",
			"Id": "Param10",
			"Segments": [
				0,
				0,
				0,
				0.067,
				0,
				1,
				1.1,
				0,
				2.133,
				0,
				3.167,
				0,
				0,
				3.267,
				0
			]
		},
		{
			"Target": "Parameter",
			"Id": "ParamLegLX",
			"Segments": [
				0,
				0,
				0,
				0.067,
				0,
				1,
				1.1,
				0,
				2.133,
				0,
				3.167,
				0,
				0,
				3.267,
				0
			]
		},
		{
			"Target": "Parameter",
			"Id": "ParamLegLY",
			"Segments": [
				0,
				0,
				0,
				0.067,
				0,
				1,
				1.1,
				0,
				2.133,
				0,
				3.167,
				0,
				0,
				3.267,
				0
			]
		},
		{
			"Target": "Parameter",
			"Id": "ParamLLegZ",
			"Segments": [
				0,
				0,
				0,
				0.067,
				0,
				1,
				1.1,
				0,
				2.133,
				0,
				3.167,
				0,
				0,
				3.267,
				0
			]
		},
		{
			"Target": "Parameter",
			"Id": "ParamLegRX",
			"Segments": [
				0,
				0,
				0,
				0.067,
				0,
				1,
				1.1,
				0,
				2.133,
				0,
				3.167,
				0,
				0,
				3.267,
				0
			]
		},
		{
			"Target": "Parameter",
			"Id": "ParamLegRY",
			"Segments": [
				0,
				0,
				0,
				0.067,
				0,
				1,
				1.1,
				0,
				2.133,
				0,
				3.167,
				0,
				0,
				3.267,
				0
			]
		},
		{
			"Target": "Parameter",
			"Id": "ParamRLegZ",
			"Segments": [
				0,
				0,
				0,
				0.067,
				0,
				1,
				1.1,
				0,
				2.133,
				0,
				3.167,
				0,
				0,
				3.267,
				0
			]
		},
		{
			"Target": "Parameter",
			"Id": "ParamArmWaveAppear",
			"Segments": [
				0,
				-1,
				0,
				0.067,
				-1,
				1,
				1.1,
				-1,
				2.133,
				-1,
				3.167,
				-1,
				0,
				3.267,
				-1
			]
		},
		{
			"Target": "Parameter",
			"Id": "ParamWristWave",
			"Segments": [
				0,
				0,
				0,
				0.067,
				0,
				1,
				1.1,
				0,
				2.133,
				0,
				3.167,
				0,
				0,
				3.267,
				0
			]
		},
		{
			"Target": "Parameter",
			"Id": "ParamWaveElbow",
			"Segments": [
				0,
				0,
				0,
				0.067,
				0,
				1,
				1.1,
				0,
				2.133,
				0,
				3.167,
				0,
				0,
				3.267,
				0
			]
		},
		{
			"Target": "Parameter",
			"Id": "ParamMouthOpenY",
			"Segments": [
				0,
				0,
				0,
				0.067,
				0,
				1,
				1.1,
				0,
				2.133,
				0,
				3.167,
				0,
				0,
				3.267,
				0
			]
		},
		{
			"Target": "Parameter",
			"Id": "ParamMouthForm",
			"Segments": [
				0,
				0,
				0,
				0.067,
				0,
				1,
				1.1,
				0,
				2.133,
				0,
				3.167,
				0,
				0,
				3.267,
				0
			]
		},
		{
			"Target": "Parameter",
			"Id": "ParamHFX0",
			"Segments": [
				0,
				0,
				0,
				0.067,
				0,
				1,
				0.133,
				0,
				0.2,
				0,
				0.267,
				-0.001,
				1,
				0.322,
				-0.001,
				0.378,
				-1.057,
				0.433,
				-1.057,
				1,
				0.622,
				-1.057,
				0.811,
				1.76,
				1,
				1.76,
				1,
				1.211,
				1.76,
				1.422,
				-0.762,
				1.633,
				-0.762,
				1,
				1.878,
				-0.762,
				2.122,
				0.307,
				2.367,
				0.307,
				1,
				2.633,
				0.307,
				2.9,
				0,
				3.167,
				0,
				0,
				3.267,
				0
			]
		},
		{
			"Target": "Parameter",
			"Id": "ParamHF1X",
			"Segments": [
				0,
				0,
				0,
				0.067,
				0,
				1,
				0.133,
				0,
				0.2,
				0,
				0.267,
				0,
				1,
				0.311,
				0,
				0.356,
				0.955,
				0.4,
				0.955,
				1,
				0.578,
				0.955,
				0.756,
				-1.329,
				0.933,
				-1.329,
				1,
				1.056,
				-1.329,
				1.178,
				1.309,
				1.3,
				1.309,
				1,
				1.456,
				1.309,
				1.611,
				-0.586,
				1.767,
				-0.586,
				1,
				1.922,
				-0.586,
				2.078,
				0.183,
				2.233,
				0.183,
				1,
				2.378,
				0.183,
				2.522,
				-0.033,
				2.667,
				-0.033,
				1,
				2.833,
				-0.033,
				3,
				0,
				3.167,
				0,
				0,
				3.267,
				0
			]
		},
		{
			"Target": "Parameter",
			"Id": "ParamHF1Y",
			"Segments": [
				0,
				0,
				0,
				0.067,
				0,
				1,
				0.133,
				0,
				0.2,
				0,
				0.267,
				0,
				1,
				0.322,
				0,
				0.378,
				-14.768,
				0.433,
				-14.768,
				1,
				0.622,
				-14.768,
				0.811,
				22.156,
				1,
				22.156,
				1,
				1.167,
				22.156,
				1.333,
				-7.661,
				1.5,
				-7.661,
				1,
				1.7,
				-7.661,
				1.9,
				2.166,
				2.1,
				2.166,
				1,
				2.3,
				2.166,
				2.5,
				-0.61,
				2.7,
				-0.61,
				1,
				2.856,
				-0.61,
				3.011,
				0,
				3.167,
				0,
				0,
				3.267,
				0
			]
		},
		{
			"Target": "Parameter",
			"Id": "ParamHF2X",
			"Segments": [
				0,
				0,
				0,
				0.067,
				0,
				1,
				0.133,
				0,
				0.2,
				0,
				0.267,
				0,
				1,
				0.367,
				0,
				0.467,
				0.577,
				0.567,
				0.577,
				1,
				0.711,
				0.577,
				0.856,
				-1.142,
				1,
				-1.142,
				1,
				1.144,
				-1.142,
				1.289,
				1.434,
				1.433,
				1.434,
				1,
				1.578,
				1.434,
				1.722,
				-1.061,
				1.867,
				-1.061,
				1,
				2.011,
				-1.061,
				2.156,
				0.569,
				2.3,
				0.569,
				1,
				2.444,
				0.569,
				2.589,
				-0.241,
				2.733,
				-0.241,
				1,
				2.878,
				-0.241,
				3.022,
				0,
				3.167,
				0,
				0,
				3.267,
				0
			]
		},
		{
			"Target": "Parameter",
			"Id": "ParamHF2Y",
			"Segments": [
				0,
				0,
				0,
				0.067,
				0,
				1,
				0.133,
				0,
				0.2,
				0,
				0.267,
				0.001,
				1,
				0.311,
				0.001,
				0.356,
				10.858,
				0.4,
				10.858,
				1,
				0.578,
				10.858,
				0.756,
				-17.667,
				0.933,
				-17.667,
				1,
				1.056,
				-17.667,
				1.178,
				20.25,
				1.3,
				20.25,
				1,
				1.489,
				20.25,
				1.678,
				-11.217,
				1.867,
				-11.217,
				1,
				2.056,
				-11.217,
				2.244,
				4.953,
				2.433,
				4.953,
				1,
				2.678,
				4.953,
				2.922,
				0,
				3.167,
				0,
				0,
				3.267,
				0
			]
		},
		{
			"Target": "Parameter",
			"Id": "ParamHF3X",
			"Segments": [
				0,
				0,
				0,
				0.067,
				0,
				1,
				0.267,
				0,
				0.467,
				0.431,
				0.667,
				0.431,
				1,
				0.8,
				0.431,
				0.933,
				-1.016,
				1.067,
				-1.016,
				1,
				1.211,
				-1.016,
				1.356,
				1.625,
				1.5,
				1.625,
				1,
				1.644,
				1.625,
				1.789,
				-1.925,
				1.933,
				-1.925,
				1,
				2.078,
				-1.925,
				2.222,
				1.587,
				2.367,
				1.587,
				1,
				2.5,
				1.587,
				2.633,
				-0.974,
				2.767,
				-0.974,
				1,
				2.9,
				-0.974,
				3.033,
				0,
				3.167,
				0,
				0,
				3.267,
				0
			]
		},
		{
			"Target": "Parameter",
			"Id": "ParamHF3Y",
			"Segments": [
				0,
				0,
				0,
				0.067,
				0,
				1,
				0.244,
				0,
				0.422,
				9.44,
				0.6,
				9.44,
				1,
				0.767,
				9.44,
				0.933,
				-26.207,
				1.1,
				-26.207,
				1,
				1.244,
				-26.207,
				1.389,
				30,
				1.533,
				30,
				1,
				1.567,
				30,
				1.6,
				30,
				1.633,
				30,
				1,
				1.811,
				30,
				1.989,
				-24.088,
				2.167,
				-24.088,
				1,
				2.356,
				-24.088,
				2.544,
				13.667,
				2.733,
				13.667,
				1,
				2.878,
				13.667,
				3.022,
				0,
				3.167,
				0,
				0,
				3.267,
				0
			]
		},
		{
			"Target": "Parameter",
			"Id": "ParamHF4X",
			"Segments": [
				0,
				0,
				0,
				0.067,
				0,
				1,
				0.267,
				0,
				0.467,
				0.431,
				0.667,
				0.431,
				1,
				0.8,
				0.431,
				0.933,
				-1.016,
				1.067,
				-1.016,
				1,
				1.211,
				-1.016,
				1.356,
				1.625,
				1.5,
				1.625,
				1,
				1.644,
				1.625,
				1.789,
				-1.925,
				1.933,
				-1.925,
				1,
				2.078,
				-1.925,
				2.222,
				1.587,
				2.367,
				1.587,
				1,
				2.5,
				1.587,
				2.633,
				-0.974,
				2.767,
				-0.974,
				1,
				2.9,
				-0.974,
				3.033,
				0,
				3.167,
				0,
				0,
				3.267,
				0
			]
		},
		{
			"Target": "Parameter",
			"Id": "ParamHF4Y",
			"Segments": [
				0,
				0,
				0,
				0.067,
				0,
				1,
				0.3,
				0,
				0.533,
				9.44,
				0.767,
				9.44,
				1,
				0.933,
				9.44,
				1.1,
				-30,
				1.267,
				-30,
				1,
				1.289,
				-30,
				1.311,
				-30,
				1.333,
				-30,
				1,
				1.456,
				-30,
				1.578,
				30,
				1.7,
				30,
				1,
				1.8,
				30,
				1.9,
				30,
				2,
				30,
				1,
				2.1,
				30,
				2.2,
				-30,
				2.3,
				-30,
				1,
				2.378,
				-30,
				2.456,
				-30,
				2.533,
				-30,
				1,
				2.689,
				-30,
				2.844,
				27.424,
				3,
				27.424,
				1,
				3.056,
				27.424,
				3.111,
				0,
				3.167,
				0,
				0,
				3.267,
				0
			]
		},
		{
			"Target": "Parameter",
			"Id": "ParamHS1X",
			"Segments": [
				0,
				0,
				0,
				0.067,
				0,
				1,
				0.189,
				0,
				0.311,
				-1.057,
				0.433,
				-1.057,
				1,
				0.622,
				-1.057,
				0.811,
				1.76,
				1,
				1.76,
				1,
				1.211,
				1.76,
				1.422,
				-0.762,
				1.633,
				-0.762,
				1,
				1.878,
				-0.762,
				2.122,
				0.307,
				2.367,
				0.307,
				1,
				2.633,
				0.307,
				2.9,
				0,
				3.167,
				0,
				0,
				3.267,
				0
			]
		},
		{
			"Target": "Parameter",
			"Id": "ParamHS1Y",
			"Segments": [
				0,
				0,
				0,
				0.067,
				0,
				1,
				0.133,
				0,
				0.2,
				0,
				0.267,
				0.001,
				1,
				0.311,
				0.001,
				0.356,
				13.798,
				0.4,
				13.798,
				1,
				0.578,
				13.798,
				0.756,
				-22.452,
				0.933,
				-22.452,
				1,
				1.056,
				-22.452,
				1.178,
				25.733,
				1.3,
				25.733,
				1,
				1.489,
				25.733,
				1.678,
				-14.254,
				1.867,
				-14.254,
				1,
				2.056,
				-14.254,
				2.244,
				6.295,
				2.433,
				6.295,
				1,
				2.678,
				6.295,
				2.922,
				0,
				3.167,
				0,
				0,
				3.267,
				0
			]
		},
		{
			"Target": "Parameter",
			"Id": "ParamHS2X",
			"Segments": [
				0,
				0,
				0,
				0.067,
				0,
				1,
				0.133,
				0,
				0.2,
				0,
				0.267,
				0,
				1,
				0.311,
				0,
				0.356,
				0.8,
				0.4,
				0.8,
				1,
				0.578,
				0.8,
				0.756,
				-1.112,
				0.933,
				-1.112,
				1,
				1.056,
				-1.112,
				1.178,
				1.095,
				1.3,
				1.095,
				1,
				1.456,
				1.095,
				1.611,
				-0.49,
				1.767,
				-0.49,
				1,
				1.922,
				-0.49,
				2.078,
				0.153,
				2.233,
				0.153,
				1,
				2.378,
				0.153,
				2.522,
				-0.028,
				2.667,
				-0.028,
				1,
				2.833,
				-0.028,
				3,
				0,
				3.167,
				0,
				0,
				3.267,
				0
			]
		},
		{
			"Target": "Parameter",
			"Id": "ParamHS2Y",
			"Segments": [
				0,
				0,
				0,
				0.067,
				0,
				1,
				0.244,
				0,
				0.422,
				9.597,
				0.6,
				9.597,
				1,
				0.767,
				9.597,
				0.933,
				-26.643,
				1.1,
				-26.643,
				1,
				1.244,
				-26.643,
				1.389,
				30,
				1.533,
				30,
				1,
				1.578,
				30,
				1.622,
				30,
				1.667,
				30,
				1,
				1.833,
				30,
				2,
				-24.489,
				2.167,
				-24.489,
				1,
				2.356,
				-24.489,
				2.544,
				13.895,
				2.733,
				13.895,
				1,
				2.878,
				13.895,
				3.022,
				0,
				3.167,
				0,
				0,
				3.267,
				0
			]
		},
		{
			"Target": "Parameter",
			"Id": "ParamHB1X",
			"Segments": [
				0,
				0,
				0,
				0.067,
				0,
				1,
				0.133,
				0,
				0.2,
				0,
				0.267,
				0,
				1,
				0.311,
				0,
				0.356,
				0.955,
				0.4,
				0.955,
				1,
				0.578,
				0.955,
				0.756,
				-1.329,
				0.933,
				-1.329,
				1,
				1.056,
				-1.329,
				1.178,
				1.309,
				1.3,
				1.309,
				1,
				1.456,
				1.309,
				1.611,
				-0.586,
				1.767,
				-0.586,
				1,
				1.922,
				-0.586,
				2.078,
				0.183,
				2.233,
				0.183,
				1,
				2.378,
				0.183,
				2.522,
				-0.033,
				2.667,
				-0.033,
				1,
				2.833,
				-0.033,
				3,
				0,
				3.167,
				0,
				0,
				3.267,
				0
			]
		},
		{
			"Target": "Parameter",
			"Id": "ParamHB1Y",
			"Segments": [
				0,
				0,
				0,
				0.067,
				0,
				1,
				0.133,
				0,
				0.2,
				0,
				0.267,
				0.001,
				1,
				0.311,
				0.001,
				0.356,
				13.798,
				0.4,
				13.798,
				1,
				0.578,
				13.798,
				0.756,
				-22.452,
				0.933,
				-22.452,
				1,
				1.056,
				-22.452,
				1.178,
				25.733,
				1.3,
				25.733,
				1,
				1.489,
				25.733,
				1.678,
				-14.254,
				1.867,
				-14.254,
				1,
				2.056,
				-14.254,
				2.244,
				6.295,
				2.433,
				6.295,
				1,
				2.678,
				6.295,
				2.922,
				0,
				3.167,
				0,
				0,
				3.267,
				0
			]
		},
		{
			"Target": "Parameter",
			"Id": "ParamHB2X",
			"Segments": [
				0,
				0,
				0,
				0.067,
				0,
				1,
				0.133,
				0,
				0.2,
				0,
				0.267,
				0,
				1,
				0.367,
				0,
				0.467,
				0.577,
				0.567,
				0.577,
				1,
				0.711,
				0.577,
				0.856,
				-1.142,
				1,
				-1.142,
				1,
				1.144,
				-1.142,
				1.289,
				1.434,
				1.433,
				1.434,
				1,
				1.578,
				1.434,
				1.722,
				-1.061,
				1.867,
				-1.061,
				1,
				2.011,
				-1.061,
				2.156,
				0.569,
				2.3,
				0.569,
				1,
				2.444,
				0.569,
				2.589,
				-0.241,
				2.733,
				-0.241,
				1,
				2.878,
				-0.241,
				3.022,
				0,
				3.167,
				0,
				0,
				3.267,
				0
			]
		},
		{
			"Target": "Parameter",
			"Id": "ParamParamHB2Y",
			"Segments": [
				0,
				0,
				0,
				0.067,
				0,
				1,
				0.244,
				0,
				0.422,
				9.597,
				0.6,
				9.597,
				1,
				0.767,
				9.597,
				0.933,
				-26.643,
				1.1,
				-26.643,
				1,
				1.244,
				-26.643,
				1.389,
				30,
				1.533,
				30,
				1,
				1.578,
				30,
				1.622,
				30,
				1.667,
				30,
				1,
				1.833,
				30,
				2,
				-24.489,
				2.167,
				-24.489,
				1,
				2.356,
				-24.489,
				2.544,
				13.895,
				2.733,
				13.895,
				1,
				2.878,
				13.895,
				3.022,
				0,
				3.167,
				0,
				0,
				3.267,
				0
			]
		},
		{
			"Target": "Parameter",
			"Id": "ParamHB3X",
			"Segments": [
				0,
				0,
				0,
				0.067,
				0,
				1,
				0.267,
				0,
				0.467,
				0.431,
				0.667,
				0.431,
				1,
				0.8,
				0.431,
				0.933,
				-1.016,
				1.067,
				-1.016,
				1,
				1.211,
				-1.016,
				1.356,
				1.625,
				1.5,
				1.625,
				1,
				1.644,
				1.625,
				1.789,
				-1.925,
				1.933,
				-1.925,
				1,
				2.078,
				-1.925,
				2.222,
				1.587,
				2.367,
				1.587,
				1,
				2.5,
				1.587,
				2.633,
				-0.974,
				2.767,
				-0.974,
				1,
				2.9,
				-0.974,
				3.033,
				0,
				3.167,
				0,
				0,
				3.267,
				0
			]
		},
		{
			"Target": "Parameter",
			"Id": "ParamHB3Y",
			"Segments": [
				0,
				0,
				0,
				0.067,
				0,
				1,
				0.3,
				0,
				0.533,
				9.44,
				0.767,
				9.44,
				1,
				0.933,
				9.44,
				1.1,
				-30,
				1.267,
				-30,
				1,
				1.289,
				-30,
				1.311,
				-30,
				1.333,
				-30,
				1,
				1.456,
				-30,
				1.578,
				30,
				1.7,
				30,
				1,
				1.8,
				30,
				1.9,
				30,
				2,
				30,
				1,
				2.1,
				30,
				2.2,
				-30,
				2.3,
				-30,
				1,
				2.378,
				-30,
				2.456,
				-30,
				2.533,
				-30,
				1,
				2.689,
				-30,
				2.844,
				27.424,
				3,
				27.424,
				1,
				3.056,
				27.424,
				3.111,
				0,
				3.167,
				0,
				0,
				3.267,
				0
			]
		},
		{
			"Target": "Parameter",
			"Id": "ParamClothingAll",
			"Segments": [
				0,
				0,
				0,
				0.067,
				0,
				1,
				1.1,
				0,
				2.133,
				0,
				3.167,
				0,
				0,
				3.267,
				0
			]
		},
		{
			"Target": "Parameter",
			"Id": "ParamClothing4X",
			"Segments": [
				0,
				0,
				0,
				0.067,
				0,
				1,
				1.1,
				0,
				2.133,
				0,
				3.167,
				0,
				0,
				3.267,
				0
			]
		},
		{
			"Target": "Parameter",
			"Id": "Param18",
			"Segments": [
				0,
				0,
				0,
				0.067,
				0,
				1,
				0.133,
				0,
				0.2,
				-0.003,
				0.267,
				-0.155,
				1,
				0.3,
				-0.231,
				0.333,
				-3.548,
				0.367,
				-3.548,
				1,
				0.489,
				-3.548,
				0.611,
				3.916,
				0.733,
				3.916,
				1,
				0.756,
				3.916,
				0.778,
				3.527,
				0.8,
				3.527,
				1,
				0.833,
				3.527,
				0.867,
				3.796,
				0.9,
				3.796,
				1,
				1.011,
				3.796,
				1.122,
				-7.72,
				1.233,
				-7.72,
				1,
				1.389,
				-7.72,
				1.544,
				6.78,
				1.7,
				6.78,
				1,
				1.867,
				6.78,
				2.033,
				-4.503,
				2.2,
				-4.503,
				1,
				2.378,
				-4.503,
				2.556,
				2.582,
				2.733,
				2.582,
				1,
				2.878,
				2.582,
				3.022,
				0,
				3.167,
				0,
				0,
				3.267,
				0
			]
		},
		{
			"Target": "Parameter",
			"Id": "ParamC1X1",
			"Segments": [
				0,
				0,
				0,
				0.067,
				0,
				1,
				0.133,
				0,
				0.2,
				0,
				0.267,
				0,
				1,
				0.311,
				0,
				0.356,
				-1.446,
				0.4,
				-1.446,
				1,
				0.6,
				-1.446,
				0.8,
				1.751,
				1,
				1.751,
				1,
				1.122,
				1.751,
				1.244,
				-0.284,
				1.367,
				-0.284,
				1,
				1.544,
				-0.284,
				1.722,
				0.026,
				1.9,
				0.026,
				1,
				2.067,
				0.026,
				2.233,
				-0.002,
				2.4,
				-0.002,
				1,
				2.578,
				-0.002,
				2.756,
				0,
				2.933,
				0,
				1,
				3.011,
				0,
				3.089,
				0,
				3.167,
				0,
				0,
				3.267,
				0
			]
		},
		{
			"Target": "Parameter",
			"Id": "ParamC1X2",
			"Segments": [
				0,
				0,
				0,
				0.067,
				0,
				1,
				0.133,
				0,
				0.2,
				0,
				0.267,
				0,
				1,
				0.3,
				0,
				0.333,
				0.881,
				0.367,
				0.881,
				1,
				0.478,
				0.881,
				0.589,
				-1.026,
				0.7,
				-1.026,
				1,
				0.733,
				-1.026,
				0.767,
				-0.866,
				0.8,
				-0.866,
				1,
				0.833,
				-0.866,
				0.867,
				-1.123,
				0.9,
				-1.123,
				1,
				1.011,
				-1.123,
				1.122,
				1.337,
				1.233,
				1.337,
				1,
				1.389,
				1.337,
				1.544,
				-0.226,
				1.7,
				-0.226,
				1,
				1.878,
				-0.226,
				2.056,
				0.026,
				2.233,
				0.026,
				1,
				2.411,
				0.026,
				2.589,
				-0.003,
				2.767,
				-0.003,
				1,
				2.9,
				-0.003,
				3.033,
				0,
				3.167,
				0,
				0,
				3.267,
				0
			]
		},
		{
			"Target": "Parameter",
			"Id": "ParamClothing3X",
			"Segments": [
				0,
				0,
				0,
				0.067,
				0,
				1,
				1.1,
				0,
				2.133,
				0,
				3.167,
				0,
				0,
				3.267,
				0
			]
		},
		{
			"Target": "Parameter",
			"Id": "ParamClothing3Y",
			"Segments": [
				0,
				0,
				0,
				0.067,
				0,
				1,
				0.133,
				0,
				0.2,
				0,
				0.267,
				0,
				1,
				0.311,
				0,
				0.356,
				5.829,
				0.4,
				5.829,
				1,
				0.589,
				5.829,
				0.778,
				-7.522,
				0.967,
				-7.522,
				1,
				1.1,
				-7.522,
				1.233,
				2.049,
				1.367,
				2.049,
				1,
				1.544,
				2.049,
				1.722,
				-0.363,
				1.9,
				-0.363,
				1,
				2.011,
				-0.363,
				2.122,
				0,
				2.233,
				0,
				1,
				2.544,
				0,
				2.856,
				0,
				3.167,
				0,
				0,
				3.267,
				0
			]
		}
	]
}