{
	"Version": 3,
	"Meta": {
		"Duration": 4.033,
		"Fps": 30.0,
		"Loop": true,
		"AreBeziersRestricted": true,
		"CurveCount": 200,
		"TotalSegmentCount": 991,
		"TotalPointCount": 2577,
		"UserDataCount": 0,
		"TotalUserDataSize": 0
	},
	"Curves": [
		{
			"Target": "Model",
			"Id": "Opacity",
			"Segments": [
				0,
				1,
				0,
				4.03,
				1
			]
		},
		{
			"Target": "Model",
			"Id": "EyeBlink",
			"Segments": [
				0,
				1,
				0,
				4.033,
				1
			]
		},
		{
			"Target": "Model",
			"Id": "LipSync",
			"Segments": [
				0,
				0,
				0,
				4.033,
				0
			]
		},
		{
			"Target": "Parameter",
			"Id": "ParamBodyPosition",
			"Segments": [
				0,
				0,
				0,
				0.2,
				0,
				1,
				1.411,
				0,
				2.622,
				0,
				3.833,
				0,
				0,
				4.033,
				0
			]
		},
		{
			"Target": "Parameter",
			"Id": "ParamIdle",
			"Segments": [
				0,
				0,
				0,
				0.2,
				0,
				1,
				1.411,
				0,
				2.622,
				0,
				3.833,
				0,
				0,
				4.033,
				0
			]
		},
		{
			"Target": "Parameter",
			"Id": "ParamJump",
			"Segments": [
				0,
				0,
				0,
				0.2,
				0,
				1,
				0.233,
				0,
				0.3,
				0,
				0.3,
				0,
				1,
				0.433,
				-10,
				0.567,
				-10,
				0.7,
				-10,
				1,
				0.722,
				-10,
				0.744,
				-10,
				0.767,
				-10,
				1,
				0.844,
				10,
				0.922,
				10,
				1,
				10,
				1,
				1.089,
				10,
				1.178,
				10,
				1.267,
				-10,
				1,
				1.444,
				-10,
				1.622,
				0,
				1.8,
				0,
				1,
				2.211,
				0,
				2.622,
				0,
				3.033,
				0,
				1,
				3.3,
				0,
				3.567,
				0,
				3.833,
				0,
				0,
				4.033,
				0
			]
		},
		{
			"Target": "Parameter",
			"Id": "ParamRootPos",
			"Segments": [
				0,
				1,
				0,
				0.2,
				1,
				1,
				1.411,
				1,
				2.622,
				1,
				3.833,
				1,
				0,
				4.033,
				1
			]
		},
		{
			"Target": "Parameter",
			"Id": "ParamAngleX",
			"Segments": [
				0,
				0,
				0,
				0.2,
				0,
				1,
				0.389,
				0,
				0.578,
				0,
				0.767,
				0,
				1,
				0.833,
				0,
				0.9,
				3,
				0.967,
				3,
				1,
				1.133,
				3,
				1.3,
				0,
				1.467,
				0,
				1,
				1.578,
				0,
				1.689,
				0,
				1.8,
				0,
				1,
				2.211,
				0,
				2.622,
				0,
				3.033,
				0,
				1,
				3.3,
				0,
				3.567,
				0,
				3.833,
				0,
				0,
				4.033,
				0
			]
		},
		{
			"Target": "Parameter",
			"Id": "ParamAngleY",
			"Segments": [
				0,
				0,
				0,
				0.2,
				0,
				1,
				0.233,
				0,
				0.3,
				0,
				0.3,
				0,
				1,
				0.433,
				-30,
				0.567,
				-30,
				0.7,
				-30,
				1,
				0.722,
				-30,
				0.744,
				-30,
				0.767,
				-30,
				1,
				0.844,
				26.726,
				0.922,
				30,
				1,
				30,
				1,
				1.089,
				30,
				1.178,
				30,
				1.267,
				-5,
				1,
				1.444,
				-5,
				1.622,
				0,
				1.8,
				0,
				1,
				2.211,
				0,
				2.622,
				0,
				3.033,
				0,
				1,
				3.3,
				0,
				3.567,
				0,
				3.833,
				0,
				0,
				4.033,
				0
			]
		},
		{
			"Target": "Parameter",
			"Id": "ParamAngleZ",
			"Segments": [
				0,
				0,
				0,
				0.2,
				0,
				1,
				0.733,
				0,
				1.267,
				0,
				1.8,
				0,
				1,
				2.211,
				0,
				2.622,
				0,
				3.033,
				0,
				1,
				3.3,
				0,
				3.567,
				0,
				3.833,
				0,
				0,
				4.033,
				0
			]
		},
		{
			"Target": "Parameter",
			"Id": "ParamBodyAngleX",
			"Segments": [
				0,
				0,
				0,
				0.2,
				0,
				1,
				0.356,
				0,
				0.511,
				0,
				0.667,
				0,
				1,
				0.744,
				0,
				0.822,
				-6,
				0.9,
				-6,
				1,
				1.022,
				-6,
				1.144,
				5,
				1.267,
				5,
				1,
				1.411,
				5,
				1.556,
				0,
				1.7,
				0,
				1,
				1.733,
				0,
				1.767,
				0,
				1.8,
				0,
				1,
				2.211,
				0,
				2.622,
				0,
				3.033,
				0,
				1,
				3.3,
				0,
				3.567,
				0,
				3.833,
				0,
				0,
				4.033,
				0
			]
		},
		{
			"Target": "Parameter",
			"Id": "ParamBodyAngleY",
			"Segments": [
				0,
				0,
				0,
				0.2,
				0,
				1,
				0.233,
				0,
				0.3,
				0,
				0.3,
				0,
				1,
				0.433,
				-10,
				0.567,
				-10,
				0.7,
				-10,
				1,
				0.722,
				-10,
				0.744,
				-10,
				0.767,
				-10,
				1,
				0.844,
				10,
				0.922,
				10,
				1,
				10,
				1,
				1.089,
				10,
				1.178,
				10,
				1.267,
				-10,
				1,
				1.444,
				-10,
				1.622,
				0,
				1.8,
				0,
				1,
				2.211,
				0,
				2.622,
				0,
				3.033,
				0,
				1,
				3.3,
				0,
				3.567,
				0,
				3.833,
				0,
				0,
				4.033,
				0
			]
		},
		{
			"Target": "Parameter",
			"Id": "ParamBodyAngleZ",
			"Segments": [
				0,
				0,
				0,
				0.2,
				0,
				1,
				0.378,
				0,
				0.556,
				0,
				0.733,
				0,
				1,
				0.789,
				0,
				0.844,
				-5,
				0.9,
				-5,
				1,
				0.967,
				-5,
				1.033,
				-2.887,
				1.1,
				-2,
				1,
				1.144,
				-1.409,
				1.189,
				-1.466,
				1.233,
				-1,
				1,
				1.256,
				-0.767,
				1.278,
				3,
				1.3,
				3,
				1,
				1.356,
				3,
				1.411,
				1.644,
				1.467,
				1,
				1,
				1.544,
				0.099,
				1.622,
				0,
				1.7,
				0,
				1,
				1.733,
				0,
				1.767,
				0,
				1.8,
				0,
				1,
				2.211,
				0,
				2.622,
				0,
				3.033,
				0,
				1,
				3.3,
				0,
				3.567,
				0,
				3.833,
				0,
				0,
				4.033,
				0
			]
		},
		{
			"Target": "Parameter",
			"Id": "Param24",
			"Segments": [
				0,
				0,
				0,
				0.2,
				0,
				1,
				0.233,
				0,
				0.267,
				0,
				0.3,
				0,
				1,
				0.322,
				0,
				0.344,
				3.382,
				0.367,
				3.382,
				1,
				0.422,
				3.382,
				0.478,
				-1.056,
				0.533,
				-1.056,
				1,
				0.611,
				-1.056,
				0.689,
				0.099,
				0.767,
				0.099,
				1,
				0.789,
				0.099,
				0.811,
				-9.235,
				0.833,
				-9.235,
				1,
				0.878,
				-9.235,
				0.922,
				4.318,
				0.967,
				4.318,
				1,
				1.011,
				4.318,
				1.056,
				0.854,
				1.1,
				0.854,
				1,
				1.156,
				0.854,
				1.211,
				7.67,
				1.267,
				7.67,
				1,
				1.3,
				7.67,
				1.333,
				-5.755,
				1.367,
				-5.755,
				1,
				1.422,
				-5.755,
				1.478,
				0.402,
				1.533,
				0.402,
				1,
				1.578,
				0.402,
				1.622,
				-0.376,
				1.667,
				-0.376,
				1,
				1.722,
				-0.376,
				1.778,
				0.503,
				1.833,
				0.503,
				1,
				1.889,
				0.503,
				1.944,
				-0.109,
				2,
				-0.109,
				1,
				2.044,
				-0.109,
				2.089,
				0,
				2.133,
				0,
				1,
				2.7,
				0,
				3.267,
				0,
				3.833,
				0,
				0,
				4.033,
				0
			]
		},
		{
			"Target": "Parameter",
			"Id": "ParamEyeBallX",
			"Segments": [
				0,
				0,
				0,
				0.2,
				0,
				1,
				1.144,
				0,
				2.089,
				0,
				3.033,
				0,
				1,
				3.3,
				0,
				3.567,
				0,
				3.833,
				0,
				0,
				4.033,
				0
			]
		},
		{
			"Target": "Parameter",
			"Id": "ParamEyeBallY",
			"Segments": [
				0,
				0,
				0,
				0.2,
				0,
				1,
				1.144,
				0,
				2.089,
				0,
				3.033,
				0,
				1,
				3.3,
				0,
				3.567,
				0,
				3.833,
				0,
				0,
				4.033,
				0
			]
		},
		{
			"Target": "Parameter",
			"Id": "ParamEyeLOpen",
			"Segments": [
				0,
				1,
				0,
				0.2,
				1,
				1,
				0.278,
				1,
				0.356,
				1,
				0.433,
				1,
				1,
				0.456,
				1,
				0.478,
				0,
				0.5,
				0,
				1,
				0.633,
				0,
				0.767,
				0,
				0.9,
				0,
				1,
				0.944,
				0,
				0.989,
				1,
				1.033,
				1,
				1,
				1.278,
				1,
				1.522,
				1,
				1.767,
				1,
				1,
				1.8,
				1,
				1.833,
				0,
				1.867,
				0,
				1,
				1.878,
				0,
				1.889,
				0,
				1.9,
				0,
				1,
				1.933,
				0,
				1.967,
				1,
				2,
				1,
				1,
				2.344,
				1,
				2.689,
				1,
				3.033,
				1,
				1,
				3.3,
				1,
				3.567,
				1,
				3.833,
				1,
				0,
				4.033,
				1
			]
		},
		{
			"Target": "Parameter",
			"Id": "ParamEyeLSmile",
			"Segments": [
				0,
				0,
				0,
				0.2,
				0,
				1,
				1.144,
				0,
				2.089,
				0,
				3.033,
				0,
				1,
				3.3,
				0,
				3.567,
				0,
				3.833,
				0,
				0,
				4.033,
				0
			]
		},
		{
			"Target": "Parameter",
			"Id": "ParamEyeROpen",
			"Segments": [
				0,
				1,
				0,
				0.2,
				1,
				1,
				0.278,
				1,
				0.356,
				1,
				0.433,
				1,
				1,
				0.456,
				1,
				0.478,
				0,
				0.5,
				0,
				1,
				0.633,
				0,
				0.767,
				0,
				0.9,
				0,
				1,
				0.944,
				0,
				0.989,
				1,
				1.033,
				1,
				1,
				1.278,
				1,
				1.522,
				1,
				1.767,
				1,
				1,
				1.8,
				1,
				1.833,
				0,
				1.867,
				0,
				1,
				1.878,
				0,
				1.889,
				0,
				1.9,
				0,
				1,
				1.933,
				0,
				1.967,
				1,
				2,
				1,
				1,
				2.344,
				1,
				2.689,
				1,
				3.033,
				1,
				1,
				3.3,
				1,
				3.567,
				1,
				3.833,
				1,
				0,
				4.033,
				1
			]
		},
		{
			"Target": "Parameter",
			"Id": "ParamEyeRSmile",
			"Segments": [
				0,
				0,
				0,
				0.2,
				0,
				1,
				1.144,
				0,
				2.089,
				0,
				3.033,
				0,
				1,
				3.3,
				0,
				3.567,
				0,
				3.833,
				0,
				0,
				4.033,
				0
			]
		},
		{
			"Target": "Parameter",
			"Id": "ParamBrowLX",
			"Segments": [
				0,
				0,
				0,
				0.2,
				0,
				1,
				1.144,
				0,
				2.089,
				0,
				3.033,
				0,
				1,
				3.3,
				0,
				3.567,
				0,
				3.833,
				0,
				0,
				4.033,
				0
			]
		},
		{
			"Target": "Parameter",
			"Id": "ParamBrowLY",
			"Segments": [
				0,
				0,
				0,
				0.2,
				0,
				1,
				1.144,
				0,
				2.089,
				0,
				3.033,
				0,
				1,
				3.3,
				0,
				3.567,
				0,
				3.833,
				0,
				0,
				4.033,
				0
			]
		},
		{
			"Target": "Parameter",
			"Id": "ParamBrowLAngle",
			"Segments": [
				0,
				0,
				0,
				0.2,
				0,
				1,
				0.233,
				0,
				0.267,
				0,
				0.3,
				0,
				1,
				1.211,
				0,
				2.122,
				0,
				3.033,
				0,
				1,
				3.3,
				0,
				3.567,
				0,
				3.833,
				0,
				0,
				4.033,
				0
			]
		},
		{
			"Target": "Parameter",
			"Id": "ParamBrowLForm",
			"Segments": [
				0,
				0,
				0,
				0.2,
				0,
				1,
				1.144,
				0,
				2.089,
				0,
				3.033,
				0,
				1,
				3.3,
				0,
				3.567,
				0,
				3.833,
				0,
				0,
				4.033,
				0
			]
		},
		{
			"Target": "Parameter",
			"Id": "ParamBrowRX",
			"Segments": [
				0,
				0,
				0,
				0.2,
				0,
				1,
				1.144,
				0,
				2.089,
				0,
				3.033,
				0,
				1,
				3.3,
				0,
				3.567,
				0,
				3.833,
				0,
				0,
				4.033,
				0
			]
		},
		{
			"Target": "Parameter",
			"Id": "ParamBrowRY",
			"Segments": [
				0,
				0,
				0,
				0.2,
				0,
				1,
				1.144,
				0,
				2.089,
				0,
				3.033,
				0,
				1,
				3.3,
				0,
				3.567,
				0,
				3.833,
				0,
				0,
				4.033,
				0
			]
		},
		{
			"Target": "Parameter",
			"Id": "ParamBrowRAngle",
			"Segments": [
				0,
				0,
				0,
				0.2,
				0,
				1,
				1.144,
				0,
				2.089,
				0,
				3.033,
				0,
				1,
				3.3,
				0,
				3.567,
				0,
				3.833,
				0,
				0,
				4.033,
				0
			]
		},
		{
			"Target": "Parameter",
			"Id": "ParamBrowRForm",
			"Segments": [
				0,
				0,
				0,
				0.2,
				0,
				1,
				0.233,
				0,
				0.267,
				0,
				0.3,
				0,
				1,
				1.211,
				0,
				2.122,
				0,
				3.033,
				0,
				1,
				3.3,
				0,
				3.567,
				0,
				3.833,
				0,
				0,
				4.033,
				0
			]
		},
		{
			"Target": "Parameter",
			"Id": "ParamBreath",
			"Segments": [
				0,
				0,
				0,
				0.2,
				0,
				1,
				1.144,
				0,
				2.089,
				0,
				3.033,
				0,
				1,
				3.3,
				0,
				3.567,
				0,
				3.833,
				0,
				0,
				4.033,
				0
			]
		},
		{
			"Target": "Parameter",
			"Id": "Param16",
			"Segments": [
				0,
				0,
				0,
				0.2,
				0,
				1,
				1.411,
				0,
				2.622,
				0,
				3.833,
				0,
				0,
				4.033,
				0
			]
		},
		{
			"Target": "Parameter",
			"Id": "Param20",
			"Segments": [
				0,
				0,
				0,
				0.2,
				0,
				1,
				1.411,
				0,
				2.622,
				0,
				3.833,
				0,
				0,
				4.033,
				0
			]
		},
		{
			"Target": "Parameter",
			"Id": "ParamYAngleEyeDeform",
			"Segments": [
				0,
				0,
				0,
				0.2,
				0,
				1,
				0.233,
				0,
				0.267,
				0.031,
				0.3,
				-0.023,
				1,
				0.433,
				-0.243,
				0.567,
				-0.907,
				0.7,
				-0.907,
				1,
				0.711,
				-0.907,
				0.722,
				-0.907,
				0.733,
				-0.907,
				1,
				0.744,
				-0.907,
				0.756,
				-0.907,
				0.767,
				-0.907,
				1,
				0.844,
				-0.907,
				0.922,
				0.909,
				1,
				0.909,
				1,
				1.089,
				0.909,
				1.178,
				-0.146,
				1.267,
				-0.146,
				1,
				1.444,
				-0.146,
				1.622,
				0.008,
				1.8,
				0.008,
				1,
				2.478,
				0.008,
				3.156,
				0,
				3.833,
				0,
				0,
				4.033,
				0
			]
		},
		{
			"Target": "Parameter",
			"Id": "Param17",
			"Segments": [
				0,
				0,
				0,
				0.2,
				0,
				1,
				0.367,
				0,
				0.533,
				0,
				0.7,
				0,
				1,
				1.122,
				0,
				1.544,
				1,
				1.967,
				1,
				1,
				2.589,
				1,
				3.211,
				0,
				3.833,
				0,
				0,
				4.033,
				0
			]
		},
		{
			"Target": "Parameter",
			"Id": "Param2",
			"Segments": [
				0,
				0,
				0,
				0.2,
				0,
				1,
				0.389,
				0,
				0.578,
				0,
				0.767,
				0,
				1,
				0.822,
				0,
				0.878,
				-0.052,
				0.933,
				-0.052,
				1,
				1.011,
				-0.052,
				1.089,
				0.042,
				1.167,
				0.042,
				1,
				1.289,
				0.042,
				1.411,
				-0.016,
				1.533,
				-0.016,
				1,
				1.633,
				-0.016,
				1.733,
				0.005,
				1.833,
				0.005,
				1,
				1.922,
				0.005,
				2.011,
				-0.003,
				2.1,
				-0.003,
				1,
				2.156,
				-0.003,
				2.211,
				0,
				2.267,
				0,
				1,
				2.789,
				0,
				3.311,
				0,
				3.833,
				0,
				0,
				4.033,
				0
			]
		},
		{
			"Target": "Parameter",
			"Id": "Param4",
			"Segments": [
				0,
				0,
				0,
				0.2,
				0,
				1,
				0.278,
				0,
				0.356,
				0,
				0.433,
				0,
				1,
				0.456,
				0,
				0.478,
				-0.517,
				0.5,
				-0.517,
				1,
				0.511,
				-0.517,
				0.522,
				0.595,
				0.533,
				0.595,
				1,
				0.656,
				0.595,
				0.778,
				-0.161,
				0.9,
				-0.161,
				1,
				0.944,
				-0.161,
				0.989,
				0.692,
				1.033,
				0.692,
				1,
				1.044,
				0.692,
				1.056,
				-0.988,
				1.067,
				-0.988,
				1,
				1.211,
				-0.988,
				1.356,
				0.192,
				1.5,
				0.192,
				1,
				1.622,
				0.192,
				1.744,
				-0.768,
				1.867,
				-0.768,
				1,
				1.878,
				-0.768,
				1.889,
				0.833,
				1.9,
				0.833,
				1,
				1.989,
				0.833,
				2.078,
				-0.569,
				2.167,
				-0.569,
				1,
				2.322,
				-0.569,
				2.478,
				0.167,
				2.633,
				0.167,
				1,
				2.756,
				0.167,
				2.878,
				-0.072,
				3,
				-0.072,
				1,
				3.133,
				-0.072,
				3.267,
				0.032,
				3.4,
				0.032,
				1,
				3.544,
				0.032,
				3.689,
				0,
				3.833,
				0,
				0,
				4.033,
				0
			]
		},
		{
			"Target": "Parameter",
			"Id": "ParamEyeRblink_form",
			"Segments": [
				0,
				0,
				0,
				0.2,
				0,
				1,
				0.278,
				0,
				0.356,
				0,
				0.433,
				0,
				1,
				0.456,
				0,
				0.478,
				0.415,
				0.5,
				0.415,
				1,
				0.522,
				0.415,
				0.544,
				-0.172,
				0.567,
				-0.172,
				1,
				0.6,
				-0.172,
				0.633,
				0.013,
				0.667,
				0.013,
				1,
				0.711,
				0.013,
				0.756,
				-0.001,
				0.8,
				-0.001,
				1,
				0.833,
				-0.001,
				0.867,
				0,
				0.9,
				0,
				1,
				0.922,
				0,
				0.944,
				-0.299,
				0.967,
				-0.299,
				1,
				1,
				-0.299,
				1.033,
				0.113,
				1.067,
				0.113,
				1,
				1.111,
				0.113,
				1.156,
				-0.01,
				1.2,
				-0.01,
				1,
				1.244,
				-0.01,
				1.289,
				0.001,
				1.333,
				0.001,
				1,
				1.378,
				0.001,
				1.422,
				0,
				1.467,
				0,
				1,
				1.5,
				0,
				1.533,
				0,
				1.567,
				0,
				1,
				1.611,
				0,
				1.656,
				0,
				1.7,
				0,
				1,
				1.744,
				0,
				1.789,
				0.394,
				1.833,
				0.394,
				1,
				1.878,
				0.394,
				1.922,
				-0.431,
				1.967,
				-0.431,
				1,
				2,
				-0.431,
				2.033,
				0.13,
				2.067,
				0.13,
				1,
				2.1,
				0.13,
				2.133,
				-0.012,
				2.167,
				-0.012,
				1,
				2.211,
				-0.012,
				2.256,
				0.001,
				2.3,
				0.001,
				1,
				2.344,
				0.001,
				2.389,
				0,
				2.433,
				0,
				1,
				2.478,
				0,
				2.522,
				0,
				2.567,
				0,
				1,
				2.6,
				0,
				2.633,
				0,
				2.667,
				0,
				1,
				2.7,
				0,
				2.733,
				0,
				2.767,
				0,
				1,
				3.122,
				0,
				3.478,
				0,
				3.833,
				0,
				0,
				4.033,
				0
			]
		},
		{
			"Target": "Parameter",
			"Id": "ParamEyePupilSizeRBrowY",
			"Segments": [
				0,
				0,
				0,
				0.2,
				0,
				1,
				1.411,
				0,
				2.622,
				0,
				3.833,
				0,
				0,
				4.033,
				0
			]
		},
		{
			"Target": "Parameter",
			"Id": "ParamPupilRSizePhysics",
			"Segments": [
				0,
				0,
				0,
				0.2,
				0,
				1,
				0.244,
				0,
				0.289,
				0,
				0.333,
				0,
				1,
				0.344,
				0,
				0.356,
				0,
				0.367,
				0,
				1,
				0.378,
				0,
				0.389,
				0,
				0.4,
				0,
				1,
				0.422,
				0,
				0.444,
				0.102,
				0.467,
				0.102,
				1,
				0.478,
				0.102,
				0.489,
				0.076,
				0.5,
				0.076,
				1,
				0.511,
				0.076,
				0.522,
				0.888,
				0.533,
				0.888,
				1,
				0.544,
				0.888,
				0.556,
				0.059,
				0.567,
				0.059,
				1,
				0.578,
				0.059,
				0.589,
				0.069,
				0.6,
				0.069,
				1,
				0.644,
				0.069,
				0.689,
				0.055,
				0.733,
				0.055,
				1,
				0.789,
				0.055,
				0.844,
				0.097,
				0.9,
				0.097,
				1,
				0.911,
				0.097,
				0.922,
				-0.151,
				0.933,
				-0.151,
				1,
				0.956,
				-0.151,
				0.978,
				-0.103,
				1,
				-0.103,
				1,
				1.022,
				-0.103,
				1.044,
				-0.891,
				1.067,
				-0.891,
				1,
				1.078,
				-0.891,
				1.089,
				0.749,
				1.1,
				0.749,
				1,
				1.156,
				0.749,
				1.211,
				-0.164,
				1.267,
				-0.164,
				1,
				1.444,
				-0.164,
				1.622,
				0.141,
				1.8,
				0.141,
				1,
				1.811,
				0.141,
				1.822,
				0.075,
				1.833,
				0.075,
				1,
				1.856,
				0.075,
				1.878,
				0.87,
				1.9,
				0.87,
				1,
				1.911,
				0.87,
				1.922,
				-0.056,
				1.933,
				-0.056,
				1,
				1.956,
				-0.056,
				1.978,
				0.566,
				2,
				0.566,
				1,
				2.011,
				0.566,
				2.022,
				0.131,
				2.033,
				0.131,
				1,
				2.111,
				0.131,
				2.189,
				0.431,
				2.267,
				0.431,
				1,
				2.356,
				0.431,
				2.444,
				-0.15,
				2.533,
				-0.15,
				1,
				2.667,
				-0.15,
				2.8,
				0.055,
				2.933,
				0.055,
				1,
				3.056,
				0.055,
				3.178,
				-0.026,
				3.3,
				-0.026,
				1,
				3.478,
				-0.026,
				3.656,
				0,
				3.833,
				0,
				0,
				4.033,
				0
			]
		},
		{
			"Target": "Parameter",
			"Id": "Param",
			"Segments": [
				0,
				0,
				0,
				0.2,
				0,
				1,
				0.278,
				0,
				0.356,
				0,
				0.433,
				0,
				1,
				0.456,
				0,
				0.478,
				-0.517,
				0.5,
				-0.517,
				1,
				0.511,
				-0.517,
				0.522,
				0.595,
				0.533,
				0.595,
				1,
				0.656,
				0.595,
				0.778,
				-0.161,
				0.9,
				-0.161,
				1,
				0.944,
				-0.161,
				0.989,
				0.692,
				1.033,
				0.692,
				1,
				1.044,
				0.692,
				1.056,
				-0.988,
				1.067,
				-0.988,
				1,
				1.211,
				-0.988,
				1.356,
				0.192,
				1.5,
				0.192,
				1,
				1.622,
				0.192,
				1.744,
				-0.768,
				1.867,
				-0.768,
				1,
				1.878,
				-0.768,
				1.889,
				0.833,
				1.9,
				0.833,
				1,
				1.989,
				0.833,
				2.078,
				-0.569,
				2.167,
				-0.569,
				1,
				2.322,
				-0.569,
				2.478,
				0.167,
				2.633,
				0.167,
				1,
				2.756,
				0.167,
				2.878,
				-0.072,
				3,
				-0.072,
				1,
				3.133,
				-0.072,
				3.267,
				0.032,
				3.4,
				0.032,
				1,
				3.544,
				0.032,
				3.689,
				0,
				3.833,
				0,
				0,
				4.033,
				0
			]
		},
		{
			"Target": "Parameter",
			"Id": "Param19",
			"Segments": [
				0,
				0,
				0,
				0.2,
				0,
				1,
				0.278,
				0,
				0.356,
				0,
				0.433,
				0,
				1,
				0.456,
				0,
				0.478,
				1.452,
				0.5,
				1.452,
				1,
				0.522,
				1.452,
				0.544,
				-0.603,
				0.567,
				-0.603,
				1,
				0.6,
				-0.603,
				0.633,
				0.045,
				0.667,
				0.045,
				1,
				0.711,
				0.045,
				0.756,
				-0.004,
				0.8,
				-0.004,
				1,
				0.833,
				-0.004,
				0.867,
				0,
				0.9,
				0,
				1,
				0.922,
				0,
				0.944,
				-1,
				0.967,
				-1,
				1,
				1,
				-1,
				1.033,
				0.396,
				1.067,
				0.396,
				1,
				1.111,
				0.396,
				1.156,
				-0.034,
				1.2,
				-0.034,
				1,
				1.244,
				-0.034,
				1.289,
				0.003,
				1.333,
				0.003,
				1,
				1.378,
				0.003,
				1.422,
				0,
				1.467,
				0,
				1,
				1.5,
				0,
				1.533,
				0,
				1.567,
				0,
				1,
				1.611,
				0,
				1.656,
				0,
				1.7,
				0,
				1,
				1.744,
				0,
				1.789,
				1.379,
				1.833,
				1.379,
				1,
				1.867,
				1.379,
				1.9,
				-1,
				1.933,
				-1,
				1,
				1.944,
				-1,
				1.956,
				-1,
				1.967,
				-1,
				1,
				2,
				-1,
				2.033,
				0.455,
				2.067,
				0.455,
				1,
				2.1,
				0.455,
				2.133,
				-0.04,
				2.167,
				-0.04,
				1,
				2.211,
				-0.04,
				2.256,
				0.003,
				2.3,
				0.003,
				1,
				2.344,
				0.003,
				2.389,
				0,
				2.433,
				0,
				1,
				2.478,
				0,
				2.522,
				0,
				2.567,
				0,
				1,
				2.6,
				0,
				2.633,
				0,
				2.667,
				0,
				1,
				2.7,
				0,
				2.733,
				0,
				2.767,
				0,
				1,
				3.122,
				0,
				3.478,
				0,
				3.833,
				0,
				0,
				4.033,
				0
			]
		},
		{
			"Target": "Parameter",
			"Id": "Param15",
			"Segments": [
				0,
				0,
				0,
				0.2,
				0,
				1,
				1.411,
				0,
				2.622,
				0,
				3.833,
				0,
				0,
				4.033,
				0
			]
		},
		{
			"Target": "Parameter",
			"Id": "Param3",
			"Segments": [
				0,
				0,
				0,
				0.2,
				0,
				1,
				0.244,
				0,
				0.289,
				0,
				0.333,
				0,
				1,
				0.344,
				0,
				0.356,
				0,
				0.367,
				0,
				1,
				0.378,
				0,
				0.389,
				0,
				0.4,
				0,
				1,
				0.422,
				0,
				0.444,
				0.102,
				0.467,
				0.102,
				1,
				0.478,
				0.102,
				0.489,
				0.076,
				0.5,
				0.076,
				1,
				0.511,
				0.076,
				0.522,
				0.888,
				0.533,
				0.888,
				1,
				0.544,
				0.888,
				0.556,
				0.059,
				0.567,
				0.059,
				1,
				0.578,
				0.059,
				0.589,
				0.069,
				0.6,
				0.069,
				1,
				0.644,
				0.069,
				0.689,
				0.055,
				0.733,
				0.055,
				1,
				0.789,
				0.055,
				0.844,
				0.097,
				0.9,
				0.097,
				1,
				0.911,
				0.097,
				0.922,
				-0.151,
				0.933,
				-0.151,
				1,
				0.956,
				-0.151,
				0.978,
				-0.103,
				1,
				-0.103,
				1,
				1.022,
				-0.103,
				1.044,
				-0.891,
				1.067,
				-0.891,
				1,
				1.078,
				-0.891,
				1.089,
				0.749,
				1.1,
				0.749,
				1,
				1.156,
				0.749,
				1.211,
				-0.164,
				1.267,
				-0.164,
				1,
				1.444,
				-0.164,
				1.622,
				0.141,
				1.8,
				0.141,
				1,
				1.811,
				0.141,
				1.822,
				0.075,
				1.833,
				0.075,
				1,
				1.856,
				0.075,
				1.878,
				0.87,
				1.9,
				0.87,
				1,
				1.911,
				0.87,
				1.922,
				-0.056,
				1.933,
				-0.056,
				1,
				1.956,
				-0.056,
				1.978,
				0.566,
				2,
				0.566,
				1,
				2.011,
				0.566,
				2.022,
				0.131,
				2.033,
				0.131,
				1,
				2.111,
				0.131,
				2.189,
				0.431,
				2.267,
				0.431,
				1,
				2.356,
				0.431,
				2.444,
				-0.15,
				2.533,
				-0.15,
				1,
				2.667,
				-0.15,
				2.8,
				0.055,
				2.933,
				0.055,
				1,
				3.056,
				0.055,
				3.178,
				-0.026,
				3.3,
				-0.026,
				1,
				3.478,
				-0.026,
				3.656,
				0,
				3.833,
				0,
				0,
				4.033,
				0
			]
		},
		{
			"Target": "Parameter",
			"Id": "ParamCheek",
			"Segments": [
				0,
				0,
				0,
				0.2,
				0,
				1,
				1.144,
				0,
				2.089,
				0,
				3.033,
				0,
				1,
				3.3,
				0,
				3.567,
				0,
				3.833,
				0,
				0,
				4.033,
				0
			]
		},
		{
			"Target": "Parameter",
			"Id": "Param14",
			"Segments": [
				0,
				0,
				0,
				0.2,
				0,
				1,
				1.144,
				0,
				2.089,
				0,
				3.033,
				0,
				1,
				3.3,
				0,
				3.567,
				0,
				3.833,
				0,
				0,
				4.033,
				0
			]
		},
		{
			"Target": "Parameter",
			"Id": "Param5",
			"Segments": [
				0,
				0,
				0,
				0.2,
				0,
				1,
				0.233,
				0,
				0.267,
				0,
				0.3,
				0,
				1,
				1.211,
				0,
				2.122,
				0,
				3.033,
				0,
				1,
				3.3,
				0,
				3.567,
				0,
				3.833,
				0,
				0,
				4.033,
				0
			]
		},
		{
			"Target": "Parameter",
			"Id": "Param7",
			"Segments": [
				0,
				0,
				0,
				0.2,
				0,
				1,
				0.233,
				0,
				0.267,
				0,
				0.3,
				0,
				1,
				1.211,
				0,
				2.122,
				0,
				3.033,
				0,
				1,
				3.3,
				0,
				3.567,
				0,
				3.833,
				0,
				0,
				4.033,
				0
			]
		},
		{
			"Target": "Parameter",
			"Id": "Param6",
			"Segments": [
				0,
				0,
				0,
				0.2,
				0,
				1,
				0.233,
				0,
				0.267,
				0,
				0.3,
				0,
				1,
				1.211,
				0,
				2.122,
				0,
				3.033,
				0,
				1,
				3.3,
				0,
				3.567,
				0,
				3.833,
				0,
				0,
				4.033,
				0
			]
		},
		{
			"Target": "Parameter",
			"Id": "Param8",
			"Segments": [
				0,
				0,
				0,
				0.2,
				0,
				1,
				1.411,
				0,
				2.622,
				0,
				3.833,
				0,
				0,
				4.033,
				0
			]
		},
		{
			"Target": "Parameter",
			"Id": "Param11",
			"Segments": [
				0,
				0,
				0,
				0.2,
				0,
				1,
				1.144,
				0,
				2.089,
				0,
				3.033,
				0,
				1,
				3.3,
				0,
				3.567,
				0,
				3.833,
				0,
				0,
				4.033,
				0
			]
		},
		{
			"Target": "Parameter",
			"Id": "Param13",
			"Segments": [
				0,
				0,
				0,
				0.2,
				0,
				1,
				0.789,
				0,
				1.378,
				0,
				1.967,
				0,
				1,
				2.289,
				0,
				2.611,
				1,
				2.933,
				1,
				1,
				2.978,
				1,
				3.022,
				1,
				3.067,
				1,
				1,
				3.322,
				1,
				3.578,
				0,
				3.833,
				0,
				0,
				4.033,
				0
			]
		},
		{
			"Target": "Parameter",
			"Id": "ParamWaistX",
			"Segments": [
				0,
				0,
				0,
				0.2,
				0,
				1,
				0.356,
				0,
				0.511,
				0,
				0.667,
				0,
				1,
				0.722,
				0,
				0.778,
				1.677,
				0.833,
				1.677,
				1,
				0.933,
				1.677,
				1.033,
				-1.833,
				1.133,
				-1.833,
				1,
				1.278,
				-1.833,
				1.422,
				0.741,
				1.567,
				0.741,
				1,
				1.678,
				0.741,
				1.789,
				0,
				1.9,
				0,
				1,
				2.544,
				0,
				3.189,
				0,
				3.833,
				0,
				0,
				4.033,
				0
			]
		},
		{
			"Target": "Parameter",
			"Id": "Param30",
			"Segments": [
				0,
				0,
				0,
				0.2,
				0,
				1,
				0.389,
				0,
				0.578,
				0,
				0.767,
				0,
				1,
				0.822,
				0,
				0.878,
				-2.071,
				0.933,
				-2.071,
				1,
				1.056,
				-2.071,
				1.178,
				1.067,
				1.3,
				1.067,
				1,
				1.422,
				1.067,
				1.544,
				0,
				1.667,
				0,
				1,
				2.389,
				0,
				3.111,
				0,
				3.833,
				0,
				0,
				4.033,
				0
			]
		},
		{
			"Target": "Parameter",
			"Id": "ParamBodyZ2",
			"Segments": [
				0,
				0,
				0,
				0.2,
				0,
				1,
				0.356,
				0,
				0.511,
				0,
				0.667,
				0,
				1,
				0.722,
				0,
				0.778,
				1.978,
				0.833,
				1.978,
				1,
				0.933,
				1.978,
				1.033,
				-2.364,
				1.133,
				-2.364,
				1,
				1.256,
				-2.364,
				1.378,
				1.225,
				1.5,
				1.225,
				1,
				1.611,
				1.225,
				1.722,
				-0.285,
				1.833,
				-0.285,
				1,
				1.922,
				-0.285,
				2.011,
				0.019,
				2.1,
				0.019,
				1,
				2.178,
				0.019,
				2.256,
				-0.161,
				2.333,
				-0.161,
				1,
				2.444,
				-0.161,
				2.556,
				0.126,
				2.667,
				0.126,
				1,
				2.789,
				0.126,
				2.911,
				-0.072,
				3.033,
				-0.072,
				1,
				3.156,
				-0.072,
				3.278,
				0.033,
				3.4,
				0.033,
				1,
				3.544,
				0.033,
				3.689,
				0,
				3.833,
				0,
				0,
				4.033,
				0
			]
		},
		{
			"Target": "Parameter",
			"Id": "ParamBodyZ3",
			"Segments": [
				0,
				0,
				0,
				0.2,
				0,
				1,
				0.356,
				0,
				0.511,
				0,
				0.667,
				0,
				1,
				0.733,
				0,
				0.8,
				2.443,
				0.867,
				2.443,
				1,
				0.967,
				2.443,
				1.067,
				-3.509,
				1.167,
				-3.509,
				1,
				1.3,
				-3.509,
				1.433,
				2.356,
				1.567,
				2.356,
				1,
				1.7,
				2.356,
				1.833,
				-0.927,
				1.967,
				-0.927,
				1,
				2.111,
				-0.927,
				2.256,
				0.274,
				2.4,
				0.274,
				1,
				2.544,
				0.274,
				2.689,
				-0.101,
				2.833,
				-0.101,
				1,
				2.978,
				-0.101,
				3.122,
				0.037,
				3.267,
				0.037,
				1,
				3.456,
				0.037,
				3.644,
				0,
				3.833,
				0,
				0,
				4.033,
				0
			]
		},
		{
			"Target": "Parameter",
			"Id": "ParamRArmZ",
			"Segments": [
				0,
				0,
				0,
				0.2,
				0,
				1,
				0.333,
				0,
				0.467,
				0,
				0.6,
				0,
				1,
				0.644,
				0,
				0.689,
				-1,
				0.733,
				-1,
				1,
				0.822,
				-1,
				0.911,
				0.7,
				1,
				0.7,
				1,
				1.033,
				0.7,
				1.067,
				0.7,
				1.1,
				0.7,
				1,
				1.178,
				0.7,
				1.256,
				-1,
				1.333,
				-1,
				1,
				1.4,
				-1,
				1.467,
				0,
				1.533,
				0,
				1,
				1.744,
				0,
				1.956,
				0,
				2.167,
				0,
				1,
				2.456,
				0,
				2.744,
				0,
				3.033,
				0,
				1,
				3.3,
				0,
				3.567,
				0,
				3.833,
				0,
				0,
				4.033,
				0
			]
		},
		{
			"Target": "Parameter",
			"Id": "ParamRArmHide",
			"Segments": [
				0,
				0,
				0,
				0.6,
				0,
				1,
				0.644,
				0,
				0.689,
				0.1,
				0.733,
				0.1,
				1,
				0.822,
				0.1,
				0.911,
				0,
				1,
				0,
				1,
				1.033,
				0,
				1.067,
				0,
				1.1,
				0,
				1,
				1.333,
				0,
				1.567,
				0,
				1.8,
				0,
				1,
				1.867,
				0,
				1.933,
				0,
				2,
				0,
				1,
				2.344,
				0,
				2.689,
				0,
				3.033,
				0,
				0,
				4.033,
				0
			]
		},
		{
			"Target": "Parameter",
			"Id": "Param23",
			"Segments": [
				0,
				0,
				0,
				0.2,
				0,
				1,
				0.333,
				0,
				0.467,
				0,
				0.6,
				0,
				1,
				0.733,
				0,
				0.867,
				30,
				1,
				30,
				1,
				1.033,
				30,
				1.067,
				30,
				1.1,
				30,
				1,
				1.333,
				30,
				1.567,
				0,
				1.8,
				0,
				1,
				2.211,
				0,
				2.622,
				0,
				3.033,
				0,
				1,
				3.3,
				0,
				3.567,
				0,
				3.833,
				0,
				0,
				4.033,
				0
			]
		},
		{
			"Target": "Parameter",
			"Id": "Param21",
			"Segments": [
				0,
				0,
				0,
				0.2,
				0,
				1,
				0.333,
				0,
				0.467,
				0,
				0.6,
				0,
				1,
				0.733,
				0,
				0.867,
				-30,
				1,
				-30,
				1,
				1.033,
				-30,
				1.067,
				-30,
				1.1,
				-30,
				1,
				1.333,
				-30,
				1.567,
				0,
				1.8,
				0,
				1,
				2.211,
				0,
				2.622,
				0,
				3.033,
				0,
				1,
				3.3,
				0,
				3.567,
				0,
				3.833,
				0,
				0,
				4.033,
				0
			]
		},
		{
			"Target": "Parameter",
			"Id": "Param22",
			"Segments": [
				0,
				0,
				0,
				0.2,
				0,
				1,
				1.144,
				0,
				2.089,
				0,
				3.033,
				0,
				1,
				3.3,
				0,
				3.567,
				0,
				3.833,
				0,
				0,
				4.033,
				0
			]
		},
		{
			"Target": "Parameter",
			"Id": "ParamLArm1Z",
			"Segments": [
				0,
				0,
				0,
				0.2,
				0,
				1,
				0.333,
				0,
				0.467,
				0,
				0.6,
				0,
				1,
				0.644,
				0,
				0.689,
				-1,
				0.733,
				-1,
				1,
				0.822,
				-1,
				0.911,
				0.7,
				1,
				0.7,
				1,
				1.033,
				0.7,
				1.067,
				0.7,
				1.1,
				0.7,
				1,
				1.178,
				0.7,
				1.256,
				-1,
				1.333,
				-1,
				1,
				1.4,
				-1,
				1.467,
				0,
				1.533,
				0,
				1,
				1.744,
				0,
				1.956,
				0,
				2.167,
				0,
				1,
				2.456,
				0,
				2.744,
				0,
				3.033,
				0,
				1,
				3.3,
				0,
				3.567,
				0,
				3.833,
				0,
				0,
				4.033,
				0
			]
		},
		{
			"Target": "Parameter",
			"Id": "Param12",
			"Segments": [
				0,
				0,
				0,
				0.2,
				0,
				1,
				0.333,
				0,
				0.467,
				0,
				0.6,
				0,
				1,
				0.733,
				0,
				0.867,
				30,
				1,
				30,
				1,
				1.033,
				30,
				1.067,
				30,
				1.1,
				30,
				1,
				1.333,
				30,
				1.567,
				0,
				1.8,
				0,
				1,
				2.211,
				0,
				2.622,
				0,
				3.033,
				0,
				1,
				3.3,
				0,
				3.567,
				0,
				3.833,
				0,
				0,
				4.033,
				0
			]
		},
		{
			"Target": "Parameter",
			"Id": "ParamLArmHide",
			"Segments": [
				0,
				0,
				0,
				0.2,
				0,
				1,
				0.333,
				0,
				0.6,
				0,
				0.6,
				0,
				1,
				0.644,
				0,
				0.689,
				-0.9,
				0.733,
				-0.9,
				1,
				0.822,
				-0.9,
				0.911,
				-1,
				1,
				-1,
				1,
				1.033,
				-1,
				1.067,
				0,
				1.1,
				0,
				1,
				1.333,
				0,
				1.567,
				0,
				1.8,
				0,
				1,
				1.867,
				0,
				1.933,
				-1,
				2,
				-1,
				1,
				2.344,
				-1,
				2.689,
				-1,
				3.033,
				-1,
				1,
				3.3,
				-1,
				3.567,
				0,
				3.833,
				0,
				0,
				4.033,
				0
			]
		},
		{
			"Target": "Parameter",
			"Id": "Param9",
			"Segments": [
				0,
				0,
				0,
				0.2,
				0,
				1,
				0.333,
				0,
				0.467,
				0,
				0.6,
				0,
				1,
				0.733,
				0,
				0.867,
				-30,
				1,
				-30,
				1,
				1.033,
				-30,
				1.067,
				-30,
				1.1,
				-30,
				1,
				1.333,
				-30,
				1.567,
				0,
				1.8,
				0,
				1,
				2.211,
				0,
				2.622,
				0,
				3.033,
				0,
				1,
				3.3,
				0,
				3.567,
				0,
				3.833,
				0,
				0,
				4.033,
				0
			]
		},
		{
			"Target": "Parameter",
			"Id": "Param10",
			"Segments": [
				0,
				0,
				0,
				0.2,
				0,
				1,
				1.144,
				0,
				2.089,
				0,
				3.033,
				0,
				1,
				3.3,
				0,
				3.567,
				0,
				3.833,
				0,
				0,
				4.033,
				0
			]
		},
		{
			"Target": "Parameter",
			"Id": "ParamLegLX",
			"Segments": [
				0,
				0,
				0,
				0.2,
				0,
				1,
				1.144,
				0,
				2.089,
				0,
				3.033,
				0,
				1,
				3.3,
				0,
				3.567,
				0,
				3.833,
				0,
				0,
				4.033,
				0
			]
		},
		{
			"Target": "Parameter",
			"Id": "ParamLegLY",
			"Segments": [
				0,
				0,
				0,
				0.2,
				0,
				1,
				0.4,
				0,
				0.6,
				0,
				0.8,
				0,
				1,
				0.811,
				0,
				0.822,
				-1,
				0.833,
				-1,
				1,
				0.911,
				-1,
				0.978,
				-1,
				1.067,
				-1,
				1,
				1.133,
				-0.009,
				1.244,
				0,
				1.267,
				0,
				1,
				1.856,
				0,
				2.444,
				0,
				3.033,
				0,
				1,
				3.3,
				0,
				3.567,
				0,
				3.833,
				0,
				0,
				4.033,
				0
			]
		},
		{
			"Target": "Parameter",
			"Id": "ParamLLegZ",
			"Segments": [
				0,
				0,
				0,
				0.2,
				0,
				1,
				0.389,
				0,
				0.578,
				0,
				0.767,
				0,
				1,
				0.789,
				0,
				0.811,
				-1,
				0.833,
				-1,
				1,
				0.856,
				-1,
				0.878,
				1,
				0.9,
				1,
				1,
				0.978,
				1,
				1.056,
				1,
				1.133,
				1,
				1,
				1.178,
				1,
				1.222,
				0,
				1.267,
				0,
				1,
				1.856,
				0,
				2.444,
				0,
				3.033,
				0,
				1,
				3.3,
				0,
				3.567,
				0,
				3.833,
				0,
				0,
				4.033,
				0
			]
		},
		{
			"Target": "Parameter",
			"Id": "ParamLegRX",
			"Segments": [
				0,
				0,
				0,
				0.2,
				0,
				1,
				1.144,
				0,
				2.089,
				0,
				3.033,
				0,
				1,
				3.3,
				0,
				3.567,
				0,
				3.833,
				0,
				0,
				4.033,
				0
			]
		},
		{
			"Target": "Parameter",
			"Id": "ParamLegRY",
			"Segments": [
				0,
				0,
				0,
				0.2,
				0,
				1,
				0.4,
				0,
				0.6,
				0,
				0.8,
				0,
				1,
				0.811,
				0,
				0.822,
				1,
				0.833,
				1,
				1,
				0.911,
				1,
				0.989,
				1,
				1.067,
				1,
				1,
				1.133,
				1,
				1.2,
				0,
				1.267,
				0,
				1,
				1.856,
				0,
				2.444,
				0,
				3.033,
				0,
				1,
				3.3,
				0,
				3.567,
				0,
				3.833,
				0,
				0,
				4.033,
				0
			]
		},
		{
			"Target": "Parameter",
			"Id": "ParamRLegZ",
			"Segments": [
				0,
				0,
				0,
				0.2,
				0,
				1,
				0.389,
				0,
				0.578,
				0,
				0.767,
				0,
				1,
				0.789,
				0,
				0.811,
				-1,
				0.833,
				-1,
				1,
				0.856,
				-1,
				0.878,
				1,
				0.9,
				1,
				1,
				0.978,
				1,
				1.056,
				1,
				1.133,
				1,
				1,
				1.178,
				1,
				1.222,
				0,
				1.267,
				0,
				1,
				1.856,
				0,
				2.444,
				0,
				3.033,
				0,
				1,
				3.3,
				0,
				3.567,
				0,
				3.833,
				0,
				0,
				4.033,
				0
			]
		},
		{
			"Target": "Parameter",
			"Id": "ParamArmWaveAppear",
			"Segments": [
				0,
				-1,
				0,
				0.2,
				-1,
				1,
				1.144,
				-1,
				2.089,
				-1,
				3.033,
				-1,
				1,
				3.3,
				-1,
				3.567,
				-1,
				3.833,
				-1,
				0,
				4.033,
				-1
			]
		},
		{
			"Target": "Parameter",
			"Id": "ParamWristWave",
			"Segments": [
				0,
				0,
				0,
				0.2,
				0,
				1,
				1.144,
				0,
				2.089,
				0,
				3.033,
				0,
				1,
				3.3,
				0,
				3.567,
				0,
				3.833,
				0,
				0,
				4.033,
				0
			]
		},
		{
			"Target": "Parameter",
			"Id": "ParamWaveElbow",
			"Segments": [
				0,
				0,
				0,
				0.2,
				0,
				1,
				1.144,
				0,
				2.089,
				0,
				3.033,
				0,
				1,
				3.3,
				0,
				3.567,
				0,
				3.833,
				0,
				0,
				4.033,
				0
			]
		},
		{
			"Target": "Parameter",
			"Id": "ParamMouthOpenY",
			"Segments": [
				0,
				0,
				0,
				0.2,
				0,
				1,
				0.367,
				0,
				0.533,
				0,
				0.7,
				0,
				1,
				0.8,
				0,
				0.9,
				1,
				1,
				1,
				1,
				1.789,
				1,
				2.578,
				1,
				3.367,
				1,
				1,
				3.422,
				1,
				3.478,
				0,
				3.533,
				0,
				1,
				3.633,
				0,
				3.733,
				0,
				3.833,
				0,
				0,
				4.033,
				0
			]
		},
		{
			"Target": "Parameter",
			"Id": "ParamMouthForm",
			"Segments": [
				0,
				0,
				0,
				0.2,
				0,
				1,
				0.367,
				0,
				0.533,
				0,
				0.7,
				0,
				1,
				0.8,
				0,
				0.9,
				1,
				1,
				1,
				1,
				1.678,
				1,
				2.356,
				1,
				3.033,
				1,
				1,
				3.3,
				1,
				3.567,
				0,
				3.833,
				0,
				0,
				4.033,
				0
			]
		},
		{
			"Target": "Parameter",
			"Id": "ParamHFX0",
			"Segments": [
				0,
				0,
				0,
				0.2,
				0,
				1,
				0.233,
				0,
				0.267,
				0,
				0.3,
				0,
				1,
				0.367,
				0.001,
				0.433,
				0.99,
				0.5,
				0.99,
				1,
				0.556,
				0.99,
				0.611,
				0.533,
				0.667,
				0.533,
				1,
				0.7,
				0.533,
				0.733,
				1.367,
				0.767,
				1.367,
				1,
				0.889,
				1.367,
				1.011,
				-7.873,
				1.133,
				-7.873,
				1,
				1.3,
				-7.873,
				1.467,
				6.521,
				1.633,
				6.521,
				1,
				1.856,
				6.521,
				2.078,
				-2.748,
				2.3,
				-2.748,
				1,
				2.544,
				-2.748,
				2.789,
				1.107,
				3.033,
				1.107,
				1,
				3.3,
				1.107,
				3.567,
				0,
				3.833,
				0,
				0,
				4.033,
				0
			]
		},
		{
			"Target": "Parameter",
			"Id": "ParamHF1X",
			"Segments": [
				0,
				0,
				0,
				0.2,
				0,
				1,
				0.278,
				0,
				0.356,
				-0.868,
				0.433,
				-0.868,
				1,
				0.511,
				-0.868,
				0.589,
				0.337,
				0.667,
				0.337,
				1,
				0.7,
				0.337,
				0.733,
				-0.564,
				0.767,
				-0.564,
				1,
				0.844,
				-0.564,
				0.922,
				6.372,
				1,
				6.372,
				1,
				1.133,
				6.372,
				1.267,
				-10.051,
				1.4,
				-10.051,
				1,
				1.544,
				-10.051,
				1.689,
				6.242,
				1.833,
				6.242,
				1,
				1.989,
				6.242,
				2.144,
				-2.423,
				2.3,
				-2.423,
				1,
				2.456,
				-2.423,
				2.611,
				0.664,
				2.767,
				0.664,
				1,
				2.9,
				0.664,
				3.033,
				-0.178,
				3.167,
				-0.178,
				1,
				3.3,
				-0.178,
				3.433,
				0.174,
				3.567,
				0.174,
				1,
				3.656,
				0.174,
				3.744,
				0,
				3.833,
				0,
				0,
				4.033,
				0
			]
		},
		{
			"Target": "Parameter",
			"Id": "ParamHF1Y",
			"Segments": [
				0,
				0,
				0,
				0.2,
				0,
				1,
				0.233,
				0,
				0.267,
				0,
				0.3,
				0,
				1,
				0.356,
				0,
				0.411,
				28.795,
				0.467,
				28.795,
				1,
				0.578,
				28.795,
				0.689,
				-30,
				0.8,
				-30,
				1,
				0.9,
				-30,
				1,
				-30,
				1.1,
				-30,
				1,
				1.156,
				-30,
				1.211,
				30,
				1.267,
				30,
				1,
				1.322,
				30,
				1.378,
				30,
				1.433,
				30,
				1,
				1.556,
				30,
				1.678,
				-17.236,
				1.8,
				-17.236,
				1,
				2,
				-17.236,
				2.2,
				4.864,
				2.4,
				4.864,
				1,
				2.6,
				4.864,
				2.8,
				-1.373,
				3,
				-1.373,
				1,
				3.211,
				-1.373,
				3.422,
				0.388,
				3.633,
				0.388,
				1,
				3.7,
				0.388,
				3.767,
				0,
				3.833,
				0,
				0,
				4.033,
				0
			]
		},
		{
			"Target": "Parameter",
			"Id": "ParamHF2X",
			"Segments": [
				0,
				0,
				0,
				0.2,
				0,
				1,
				0.333,
				0,
				0.467,
				-0.549,
				0.6,
				-0.549,
				1,
				0.656,
				-0.549,
				0.711,
				-0.194,
				0.767,
				-0.194,
				1,
				0.8,
				-0.194,
				0.833,
				-0.5,
				0.867,
				-0.5,
				1,
				0.967,
				-0.5,
				1.067,
				5.094,
				1.167,
				5.094,
				1,
				1.3,
				5.094,
				1.433,
				-9.508,
				1.567,
				-9.508,
				1,
				1.7,
				-9.508,
				1.833,
				8.799,
				1.967,
				8.799,
				1,
				2.111,
				8.799,
				2.256,
				-5.589,
				2.4,
				-5.589,
				1,
				2.544,
				-5.589,
				2.689,
				2.736,
				2.833,
				2.736,
				1,
				2.978,
				2.736,
				3.122,
				-1.174,
				3.267,
				-1.174,
				1,
				3.456,
				-1.174,
				3.644,
				0,
				3.833,
				0,
				0,
				4.033,
				0
			]
		},
		{
			"Target": "Parameter",
			"Id": "ParamHF2Y",
			"Segments": [
				0,
				0,
				0,
				0.2,
				0,
				1,
				0.278,
				0,
				0.356,
				-20.271,
				0.433,
				-20.271,
				1,
				0.556,
				-20.271,
				0.678,
				30,
				0.8,
				30,
				1,
				0.856,
				30,
				0.911,
				30,
				0.967,
				30,
				1,
				1.022,
				30,
				1.078,
				-30,
				1.133,
				-30,
				1,
				1.222,
				-30,
				1.311,
				-30,
				1.4,
				-30,
				1,
				1.467,
				-30,
				1.533,
				30,
				1.6,
				30,
				1,
				1.667,
				30,
				1.733,
				30,
				1.8,
				30,
				1,
				1.933,
				30,
				2.067,
				-22.389,
				2.2,
				-22.389,
				1,
				2.389,
				-22.389,
				2.578,
				9.702,
				2.767,
				9.702,
				1,
				2.967,
				9.702,
				3.167,
				-3.836,
				3.367,
				-3.836,
				1,
				3.522,
				-3.836,
				3.678,
				0,
				3.833,
				0,
				0,
				4.033,
				0
			]
		},
		{
			"Target": "Parameter",
			"Id": "ParamHF3X",
			"Segments": [
				0,
				0,
				0,
				0.2,
				0,
				1,
				0.367,
				0,
				0.533,
				-0.41,
				0.7,
				-0.41,
				1,
				0.9,
				-0.41,
				1.1,
				3.184,
				1.3,
				3.184,
				1,
				1.422,
				3.184,
				1.544,
				-8.383,
				1.667,
				-8.383,
				1,
				1.8,
				-8.383,
				1.933,
				12.272,
				2.067,
				12.272,
				1,
				2.2,
				12.272,
				2.333,
				-12.183,
				2.467,
				-12.183,
				1,
				2.611,
				-12.183,
				2.756,
				8.855,
				2.9,
				8.855,
				1,
				3.033,
				8.855,
				3.167,
				-5.051,
				3.3,
				-5.051,
				1,
				3.478,
				-5.051,
				3.656,
				0,
				3.833,
				0,
				0,
				4.033,
				0
			]
		},
		{
			"Target": "Parameter",
			"Id": "ParamHF3Y",
			"Segments": [
				0,
				0,
				0,
				0.2,
				0,
				1,
				0.233,
				0,
				0.267,
				0.01,
				0.3,
				0.01,
				1,
				0.411,
				0.01,
				0.522,
				-19.19,
				0.633,
				-19.19,
				1,
				0.711,
				-19.19,
				0.789,
				30,
				0.867,
				30,
				1,
				0.978,
				30,
				1.089,
				30,
				1.2,
				30,
				1,
				1.233,
				30,
				1.267,
				-30,
				1.3,
				-30,
				1,
				1.422,
				-30,
				1.544,
				-30,
				1.667,
				-30,
				1,
				1.722,
				-30,
				1.778,
				30,
				1.833,
				30,
				1,
				1.944,
				30,
				2.056,
				30,
				2.167,
				30,
				1,
				2.244,
				30,
				2.322,
				-30,
				2.4,
				-30,
				1,
				2.489,
				-30,
				2.578,
				-30,
				2.667,
				-30,
				1,
				2.811,
				-30,
				2.956,
				25.163,
				3.1,
				25.163,
				1,
				3.344,
				25.163,
				3.589,
				0,
				3.833,
				0,
				0,
				4.033,
				0
			]
		},
		{
			"Target": "Parameter",
			"Id": "ParamHF4X",
			"Segments": [
				0,
				0,
				0,
				0.2,
				0,
				1,
				0.367,
				0,
				0.533,
				-0.41,
				0.7,
				-0.41,
				1,
				0.9,
				-0.41,
				1.1,
				3.184,
				1.3,
				3.184,
				1,
				1.422,
				3.184,
				1.544,
				-8.383,
				1.667,
				-8.383,
				1,
				1.8,
				-8.383,
				1.933,
				12.272,
				2.067,
				12.272,
				1,
				2.2,
				12.272,
				2.333,
				-12.183,
				2.467,
				-12.183,
				1,
				2.611,
				-12.183,
				2.756,
				8.855,
				2.9,
				8.855,
				1,
				3.033,
				8.855,
				3.167,
				-5.051,
				3.3,
				-5.051,
				1,
				3.478,
				-5.051,
				3.656,
				0,
				3.833,
				0,
				0,
				4.033,
				0
			]
		},
		{
			"Target": "Parameter",
			"Id": "ParamHF4Y",
			"Segments": [
				0,
				0,
				0,
				0.2,
				0,
				1,
				0.233,
				0,
				0.267,
				0.214,
				0.3,
				-0.103,
				1,
				0.456,
				-1.581,
				0.611,
				-17.882,
				0.767,
				-17.882,
				1,
				0.867,
				-17.882,
				0.967,
				30,
				1.067,
				30,
				1,
				1.189,
				30,
				1.311,
				30,
				1.433,
				30,
				1,
				1.478,
				30,
				1.522,
				-30,
				1.567,
				-30,
				1,
				1.689,
				-30,
				1.811,
				-30,
				1.933,
				-30,
				1,
				1.978,
				-30,
				2.022,
				30,
				2.067,
				30,
				1,
				2.211,
				30,
				2.356,
				30,
				2.5,
				30,
				1,
				2.544,
				30,
				2.589,
				-30,
				2.633,
				-30,
				1,
				2.767,
				-30,
				2.9,
				-30,
				3.033,
				-30,
				1,
				3.111,
				-30,
				3.189,
				30,
				3.267,
				30,
				1,
				3.367,
				30,
				3.467,
				30,
				3.567,
				30,
				1,
				3.656,
				30,
				3.744,
				0,
				3.833,
				0,
				0,
				4.033,
				0
			]
		},
		{
			"Target": "Parameter",
			"Id": "ParamHS1X",
			"Segments": [
				0,
				0,
				0,
				0.2,
				0,
				1,
				0.233,
				0,
				0.267,
				0,
				0.3,
				0,
				1,
				0.367,
				0.001,
				0.433,
				0.99,
				0.5,
				0.99,
				1,
				0.556,
				0.99,
				0.611,
				0.533,
				0.667,
				0.533,
				1,
				0.7,
				0.533,
				0.733,
				1.367,
				0.767,
				1.367,
				1,
				0.889,
				1.367,
				1.011,
				-7.873,
				1.133,
				-7.873,
				1,
				1.3,
				-7.873,
				1.467,
				6.521,
				1.633,
				6.521,
				1,
				1.856,
				6.521,
				2.078,
				-2.748,
				2.3,
				-2.748,
				1,
				2.544,
				-2.748,
				2.789,
				1.107,
				3.033,
				1.107,
				1,
				3.3,
				1.107,
				3.567,
				0,
				3.833,
				0,
				0,
				4.033,
				0
			]
		},
		{
			"Target": "Parameter",
			"Id": "ParamHS1Y",
			"Segments": [
				0,
				0,
				0,
				0.2,
				0,
				1,
				0.278,
				0,
				0.356,
				-25.76,
				0.433,
				-25.76,
				1,
				0.556,
				-25.76,
				0.678,
				30,
				0.8,
				30,
				1,
				0.867,
				30,
				0.933,
				30,
				1,
				30,
				1,
				1.044,
				30,
				1.089,
				-30,
				1.133,
				-30,
				1,
				1.222,
				-30,
				1.311,
				-30,
				1.4,
				-30,
				1,
				1.456,
				-30,
				1.511,
				30,
				1.567,
				30,
				1,
				1.656,
				30,
				1.744,
				30,
				1.833,
				30,
				1,
				1.956,
				30,
				2.078,
				-28.452,
				2.2,
				-28.452,
				1,
				2.389,
				-28.452,
				2.578,
				12.329,
				2.767,
				12.329,
				1,
				2.967,
				12.329,
				3.167,
				-4.875,
				3.367,
				-4.875,
				1,
				3.522,
				-4.875,
				3.678,
				0,
				3.833,
				0,
				0,
				4.033,
				0
			]
		},
		{
			"Target": "Parameter",
			"Id": "ParamHS2X",
			"Segments": [
				0,
				0,
				0,
				0.2,
				0,
				1,
				0.278,
				0,
				0.356,
				-0.727,
				0.433,
				-0.727,
				1,
				0.511,
				-0.727,
				0.589,
				0.282,
				0.667,
				0.282,
				1,
				0.7,
				0.282,
				0.733,
				-0.473,
				0.767,
				-0.473,
				1,
				0.844,
				-0.473,
				0.922,
				5.334,
				1,
				5.334,
				1,
				1.133,
				5.334,
				1.267,
				-8.414,
				1.4,
				-8.414,
				1,
				1.544,
				-8.414,
				1.689,
				5.225,
				1.833,
				5.225,
				1,
				1.989,
				5.225,
				2.144,
				-2.028,
				2.3,
				-2.028,
				1,
				2.456,
				-2.028,
				2.611,
				0.556,
				2.767,
				0.556,
				1,
				2.9,
				0.556,
				3.033,
				-0.149,
				3.167,
				-0.149,
				1,
				3.3,
				-0.149,
				3.433,
				0.146,
				3.567,
				0.146,
				1,
				3.656,
				0.146,
				3.744,
				0,
				3.833,
				0,
				0,
				4.033,
				0
			]
		},
		{
			"Target": "Parameter",
			"Id": "ParamHS2Y",
			"Segments": [
				0,
				0,
				0,
				0.2,
				0,
				1,
				0.233,
				0,
				0.267,
				0.011,
				0.3,
				0.011,
				1,
				0.411,
				0.011,
				0.522,
				-19.51,
				0.633,
				-19.51,
				1,
				0.711,
				-19.51,
				0.789,
				30,
				0.867,
				30,
				1,
				0.978,
				30,
				1.089,
				30,
				1.2,
				30,
				1,
				1.233,
				30,
				1.267,
				-30,
				1.3,
				-30,
				1,
				1.422,
				-30,
				1.544,
				-30,
				1.667,
				-30,
				1,
				1.722,
				-30,
				1.778,
				30,
				1.833,
				30,
				1,
				1.956,
				30,
				2.078,
				30,
				2.2,
				30,
				1,
				2.267,
				30,
				2.333,
				-30,
				2.4,
				-30,
				1,
				2.489,
				-30,
				2.578,
				-30,
				2.667,
				-30,
				1,
				2.811,
				-30,
				2.956,
				25.582,
				3.1,
				25.582,
				1,
				3.344,
				25.582,
				3.589,
				0,
				3.833,
				0,
				0,
				4.033,
				0
			]
		},
		{
			"Target": "Parameter",
			"Id": "ParamHB1X",
			"Segments": [
				0,
				0,
				0,
				0.2,
				0,
				1,
				0.278,
				0,
				0.356,
				-0.868,
				0.433,
				-0.868,
				1,
				0.511,
				-0.868,
				0.589,
				0.337,
				0.667,
				0.337,
				1,
				0.7,
				0.337,
				0.733,
				-0.564,
				0.767,
				-0.564,
				1,
				0.844,
				-0.564,
				0.922,
				6.372,
				1,
				6.372,
				1,
				1.133,
				6.372,
				1.267,
				-10.051,
				1.4,
				-10.051,
				1,
				1.544,
				-10.051,
				1.689,
				6.242,
				1.833,
				6.242,
				1,
				1.989,
				6.242,
				2.144,
				-2.423,
				2.3,
				-2.423,
				1,
				2.456,
				-2.423,
				2.611,
				0.664,
				2.767,
				0.664,
				1,
				2.9,
				0.664,
				3.033,
				-0.178,
				3.167,
				-0.178,
				1,
				3.3,
				-0.178,
				3.433,
				0.174,
				3.567,
				0.174,
				1,
				3.656,
				0.174,
				3.744,
				0,
				3.833,
				0,
				0,
				4.033,
				0
			]
		},
		{
			"Target": "Parameter",
			"Id": "ParamHB1Y",
			"Segments": [
				0,
				0,
				0,
				0.2,
				0,
				1,
				0.278,
				0,
				0.356,
				-25.76,
				0.433,
				-25.76,
				1,
				0.556,
				-25.76,
				0.678,
				30,
				0.8,
				30,
				1,
				0.867,
				30,
				0.933,
				30,
				1,
				30,
				1,
				1.044,
				30,
				1.089,
				-30,
				1.133,
				-30,
				1,
				1.222,
				-30,
				1.311,
				-30,
				1.4,
				-30,
				1,
				1.456,
				-30,
				1.511,
				30,
				1.567,
				30,
				1,
				1.656,
				30,
				1.744,
				30,
				1.833,
				30,
				1,
				1.956,
				30,
				2.078,
				-28.452,
				2.2,
				-28.452,
				1,
				2.389,
				-28.452,
				2.578,
				12.329,
				2.767,
				12.329,
				1,
				2.967,
				12.329,
				3.167,
				-4.875,
				3.367,
				-4.875,
				1,
				3.522,
				-4.875,
				3.678,
				0,
				3.833,
				0,
				0,
				4.033,
				0
			]
		},
		{
			"Target": "Parameter",
			"Id": "ParamHB2X",
			"Segments": [
				0,
				0,
				0,
				0.2,
				0,
				1,
				0.333,
				0,
				0.467,
				-0.549,
				0.6,
				-0.549,
				1,
				0.656,
				-0.549,
				0.711,
				-0.194,
				0.767,
				-0.194,
				1,
				0.8,
				-0.194,
				0.833,
				-0.5,
				0.867,
				-0.5,
				1,
				0.967,
				-0.5,
				1.067,
				5.094,
				1.167,
				5.094,
				1,
				1.3,
				5.094,
				1.433,
				-9.508,
				1.567,
				-9.508,
				1,
				1.7,
				-9.508,
				1.833,
				8.799,
				1.967,
				8.799,
				1,
				2.111,
				8.799,
				2.256,
				-5.589,
				2.4,
				-5.589,
				1,
				2.544,
				-5.589,
				2.689,
				2.736,
				2.833,
				2.736,
				1,
				2.978,
				2.736,
				3.122,
				-1.174,
				3.267,
				-1.174,
				1,
				3.456,
				-1.174,
				3.644,
				0,
				3.833,
				0,
				0,
				4.033,
				0
			]
		},
		{
			"Target": "Parameter",
			"Id": "ParamParamHB2Y",
			"Segments": [
				0,
				0,
				0,
				0.2,
				0,
				1,
				0.233,
				0,
				0.267,
				0.011,
				0.3,
				0.011,
				1,
				0.411,
				0.011,
				0.522,
				-19.51,
				0.633,
				-19.51,
				1,
				0.711,
				-19.51,
				0.789,
				30,
				0.867,
				30,
				1,
				0.978,
				30,
				1.089,
				30,
				1.2,
				30,
				1,
				1.233,
				30,
				1.267,
				-30,
				1.3,
				-30,
				1,
				1.422,
				-30,
				1.544,
				-30,
				1.667,
				-30,
				1,
				1.722,
				-30,
				1.778,
				30,
				1.833,
				30,
				1,
				1.956,
				30,
				2.078,
				30,
				2.2,
				30,
				1,
				2.267,
				30,
				2.333,
				-30,
				2.4,
				-30,
				1,
				2.489,
				-30,
				2.578,
				-30,
				2.667,
				-30,
				1,
				2.811,
				-30,
				2.956,
				25.582,
				3.1,
				25.582,
				1,
				3.344,
				25.582,
				3.589,
				0,
				3.833,
				0,
				0,
				4.033,
				0
			]
		},
		{
			"Target": "Parameter",
			"Id": "ParamHB3X",
			"Segments": [
				0,
				0,
				0,
				0.2,
				0,
				1,
				0.367,
				0,
				0.533,
				-0.41,
				0.7,
				-0.41,
				1,
				0.9,
				-0.41,
				1.1,
				3.184,
				1.3,
				3.184,
				1,
				1.422,
				3.184,
				1.544,
				-8.383,
				1.667,
				-8.383,
				1,
				1.8,
				-8.383,
				1.933,
				12.272,
				2.067,
				12.272,
				1,
				2.2,
				12.272,
				2.333,
				-12.183,
				2.467,
				-12.183,
				1,
				2.611,
				-12.183,
				2.756,
				8.855,
				2.9,
				8.855,
				1,
				3.033,
				8.855,
				3.167,
				-5.051,
				3.3,
				-5.051,
				1,
				3.478,
				-5.051,
				3.656,
				0,
				3.833,
				0,
				0,
				4.033,
				0
			]
		},
		{
			"Target": "Parameter",
			"Id": "ParamHB3Y",
			"Segments": [
				0,
				0,
				0,
				0.2,
				0,
				1,
				0.233,
				0,
				0.267,
				0.214,
				0.3,
				-0.103,
				1,
				0.456,
				-1.581,
				0.611,
				-17.882,
				0.767,
				-17.882,
				1,
				0.867,
				-17.882,
				0.967,
				30,
				1.067,
				30,
				1,
				1.189,
				30,
				1.311,
				30,
				1.433,
				30,
				1,
				1.478,
				30,
				1.522,
				-30,
				1.567,
				-30,
				1,
				1.689,
				-30,
				1.811,
				-30,
				1.933,
				-30,
				1,
				1.978,
				-30,
				2.022,
				30,
				2.067,
				30,
				1,
				2.211,
				30,
				2.356,
				30,
				2.5,
				30,
				1,
				2.544,
				30,
				2.589,
				-30,
				2.633,
				-30,
				1,
				2.767,
				-30,
				2.9,
				-30,
				3.033,
				-30,
				1,
				3.111,
				-30,
				3.189,
				30,
				3.267,
				30,
				1,
				3.367,
				30,
				3.467,
				30,
				3.567,
				30,
				1,
				3.656,
				30,
				3.744,
				0,
				3.833,
				0,
				0,
				4.033,
				0
			]
		},
		{
			"Target": "Parameter",
			"Id": "ParamClothingAll",
			"Segments": [
				0,
				0,
				0,
				0.2,
				0,
				1,
				0.356,
				0,
				0.511,
				0,
				0.667,
				0,
				1,
				0.733,
				0,
				0.8,
				-0.352,
				0.867,
				-0.352,
				1,
				0.989,
				-0.352,
				1.111,
				0.689,
				1.233,
				0.689,
				1,
				1.411,
				0.689,
				1.589,
				-0.363,
				1.767,
				-0.363,
				1,
				2.056,
				-0.363,
				2.344,
				0.154,
				2.633,
				0.154,
				1,
				2.922,
				0.154,
				3.211,
				-0.066,
				3.5,
				-0.066,
				1,
				3.611,
				-0.066,
				3.722,
				0,
				3.833,
				0,
				0,
				4.033,
				0
			]
		},
		{
			"Target": "Parameter",
			"Id": "ParamClothing4X",
			"Segments": [
				0,
				0,
				0,
				0.2,
				0,
				1,
				0.356,
				0,
				0.511,
				0,
				0.667,
				0,
				1,
				0.733,
				0,
				0.8,
				9.573,
				0.867,
				9.573,
				1,
				0.978,
				9.573,
				1.089,
				-21.673,
				1.2,
				-21.673,
				1,
				1.344,
				-21.673,
				1.489,
				15.267,
				1.633,
				15.267,
				1,
				1.833,
				15.267,
				2.033,
				-6.127,
				2.233,
				-6.127,
				1,
				2.433,
				-6.127,
				2.633,
				2.379,
				2.833,
				2.379,
				1,
				3.033,
				2.379,
				3.233,
				-0.925,
				3.433,
				-0.925,
				1,
				3.567,
				-0.925,
				3.7,
				0,
				3.833,
				0,
				0,
				4.033,
				0
			]
		},
		{
			"Target": "Parameter",
			"Id": "Param18",
			"Segments": [
				0,
				0,
				0,
				0.2,
				0,
				1,
				0.278,
				0,
				0.356,
				12.116,
				0.433,
				12.116,
				1,
				0.567,
				12.116,
				0.7,
				-30,
				0.833,
				-30,
				1,
				0.844,
				-30,
				0.856,
				-30,
				0.867,
				-30,
				1,
				0.944,
				-30,
				1.022,
				30,
				1.1,
				30,
				1,
				1.178,
				30,
				1.256,
				30,
				1.333,
				30,
				1,
				1.4,
				30,
				1.467,
				-30,
				1.533,
				-30,
				1,
				1.6,
				-30,
				1.667,
				-30,
				1.733,
				-30,
				1,
				1.844,
				-30,
				1.956,
				30,
				2.067,
				30,
				1,
				2.089,
				30,
				2.111,
				30,
				2.133,
				30,
				1,
				2.289,
				30,
				2.444,
				-18.863,
				2.6,
				-18.863,
				1,
				2.767,
				-18.863,
				2.933,
				10.69,
				3.1,
				10.69,
				1,
				3.278,
				10.69,
				3.456,
				-5.692,
				3.633,
				-5.692,
				1,
				3.7,
				-5.692,
				3.767,
				0,
				3.833,
				0,
				0,
				4.033,
				0
			]
		},
		{
			"Target": "Parameter",
			"Id": "ParamC1X1",
			"Segments": [
				0,
				0,
				0,
				0.2,
				0,
				1,
				0.233,
				0,
				0.267,
				0,
				0.3,
				0,
				1,
				0.356,
				0,
				0.411,
				1.331,
				0.467,
				1.331,
				1,
				0.533,
				1.331,
				0.6,
				0.399,
				0.667,
				0.399,
				1,
				0.7,
				0.399,
				0.733,
				1.971,
				0.767,
				1.971,
				1,
				0.878,
				1.971,
				0.989,
				-7.148,
				1.1,
				-7.148,
				1,
				1.233,
				-7.148,
				1.367,
				4.467,
				1.5,
				4.467,
				1,
				1.656,
				4.467,
				1.811,
				-0.615,
				1.967,
				-0.615,
				1,
				2.144,
				-0.615,
				2.322,
				0.057,
				2.5,
				0.057,
				1,
				2.667,
				0.057,
				2.833,
				-0.005,
				3,
				-0.005,
				1,
				3.178,
				-0.005,
				3.356,
				0,
				3.533,
				0,
				1,
				3.633,
				0,
				3.733,
				0,
				3.833,
				0,
				0,
				4.033,
				0
			]
		},
		{
			"Target": "Parameter",
			"Id": "ParamC1X2",
			"Segments": [
				0,
				0,
				0,
				0.2,
				0,
				1,
				0.233,
				0,
				0.267,
				0,
				0.3,
				0,
				1,
				0.333,
				0,
				0.367,
				-0.78,
				0.4,
				-0.78,
				1,
				0.489,
				-0.78,
				0.578,
				0.821,
				0.667,
				0.821,
				1,
				0.7,
				0.821,
				0.733,
				-0.458,
				0.767,
				-0.458,
				1,
				0.833,
				-0.458,
				0.9,
				4.723,
				0.967,
				4.723,
				1,
				1.1,
				4.723,
				1.233,
				-7.469,
				1.367,
				-7.469,
				1,
				1.511,
				-7.469,
				1.656,
				3.589,
				1.8,
				3.589,
				1,
				1.967,
				3.589,
				2.133,
				-0.536,
				2.3,
				-0.536,
				1,
				2.478,
				-0.536,
				2.656,
				0.058,
				2.833,
				0.058,
				1,
				3.011,
				0.058,
				3.189,
				-0.006,
				3.367,
				-0.006,
				1,
				3.522,
				-0.006,
				3.678,
				0,
				3.833,
				0,
				0,
				4.033,
				0
			]
		},
		{
			"Target": "Parameter",
			"Id": "ParamClothing3X",
			"Segments": [
				0,
				0,
				0,
				0.2,
				0,
				1,
				0.356,
				0,
				0.511,
				0,
				0.667,
				0,
				1,
				0.711,
				0,
				0.756,
				-2.306,
				0.8,
				-2.306,
				1,
				0.911,
				-2.306,
				1.022,
				6.264,
				1.133,
				6.264,
				1,
				1.256,
				6.264,
				1.378,
				-4.217,
				1.5,
				-4.217,
				1,
				1.644,
				-4.217,
				1.789,
				0.699,
				1.933,
				0.699,
				1,
				2.078,
				0.699,
				2.222,
				-0.119,
				2.367,
				-0.119,
				1,
				2.433,
				-0.119,
				2.5,
				0,
				2.567,
				0,
				1,
				2.989,
				0,
				3.411,
				0,
				3.833,
				0,
				0,
				4.033,
				0
			]
		},
		{
			"Target": "Parameter",
			"Id": "ParamClothing3Y",
			"Segments": [
				0,
				0,
				0,
				0.2,
				0,
				1,
				0.233,
				0,
				0.267,
				0,
				0.3,
				0,
				1,
				0.356,
				0,
				0.411,
				-11.23,
				0.467,
				-11.23,
				1,
				0.589,
				-11.23,
				0.711,
				15,
				0.833,
				15,
				1,
				0.9,
				15,
				0.967,
				15,
				1.033,
				15,
				1,
				1.1,
				15,
				1.167,
				-15,
				1.233,
				-15,
				1,
				1.278,
				-15,
				1.322,
				-15,
				1.367,
				-15,
				1,
				1.489,
				-15,
				1.611,
				7.092,
				1.733,
				7.092,
				1,
				1.878,
				7.092,
				2.022,
				-1.474,
				2.167,
				-1.474,
				1,
				2.344,
				-1.474,
				2.522,
				0.263,
				2.7,
				0.263,
				1,
				2.856,
				0.263,
				3.011,
				-0.108,
				3.167,
				-0.108,
				1,
				3.267,
				-0.108,
				3.367,
				0,
				3.467,
				0,
				1,
				3.589,
				0,
				3.711,
				0,
				3.833,
				0,
				0,
				4.033,
				0
			]
		},
		{
			"Target": "Parameter",
			"Id": "ParamBustRX",
			"Segments": [
				0,
				0,
				0,
				4.033,
				0
			]
		},
		{
			"Target": "Parameter",
			"Id": "ParamBustRY",
			"Segments": [
				0,
				0,
				0,
				4.033,
				0
			]
		},
		{
			"Target": "Parameter",
			"Id": "ParamBustLX",
			"Segments": [
				0,
				0,
				0,
				4.033,
				0
			]
		},
		{
			"Target": "Parameter",
			"Id": "ParamBustLY",
			"Segments": [
				0,
				0,
				0,
				4.033,
				0
			]
		},
		{
			"Target": "PartOpacity",
			"Id": "Part67",
			"Segments": [
				0,
				1,
				0,
				4.03,
				1
			]
		},
		{
			"Target": "PartOpacity",
			"Id": "Part59",
			"Segments": [
				0,
				1,
				0,
				4.03,
				1
			]
		},
		{
			"Target": "PartOpacity",
			"Id": "eyes2",
			"Segments": [
				0,
				1,
				0,
				4.03,
				1
			]
		},
		{
			"Target": "PartOpacity",
			"Id": "Torso2",
			"Segments": [
				0,
				1,
				0,
				4.03,
				1
			]
		},
		{
			"Target": "PartOpacity",
			"Id": "Part63",
			"Segments": [
				0,
				1,
				0,
				4.03,
				1
			]
		},
		{
			"Target": "PartOpacity",
			"Id": "legs2",
			"Segments": [
				0,
				1,
				0,
				4.03,
				1
			]
		},
		{
			"Target": "PartOpacity",
			"Id": "shoes2",
			"Segments": [
				0,
				1,
				0,
				4.03,
				1
			]
		},
		{
			"Target": "PartOpacity",
			"Id": "stuff",
			"Segments": [
				0,
				1,
				0,
				4.03,
				1
			]
		},
		{
			"Target": "PartOpacity",
			"Id": "Part32",
			"Segments": [
				0,
				1,
				0,
				4.03,
				1
			]
		},
		{
			"Target": "PartOpacity",
			"Id": "money",
			"Segments": [
				0,
				1,
				0,
				4.03,
				1
			]
		},
		{
			"Target": "PartOpacity",
			"Id": "heart",
			"Segments": [
				0,
				1,
				0,
				4.03,
				1
			]
		},
		{
			"Target": "PartOpacity",
			"Id": "Part36",
			"Segments": [
				0,
				1,
				0,
				4.03,
				1
			]
		},
		{
			"Target": "PartOpacity",
			"Id": "L",
			"Segments": [
				0,
				1,
				0,
				4.03,
				1
			]
		},
		{
			"Target": "PartOpacity",
			"Id": "glasses",
			"Segments": [
				0,
				1,
				0,
				4.03,
				1
			]
		},
		{
			"Target": "PartOpacity",
			"Id": "nose",
			"Segments": [
				0,
				1,
				0,
				4.03,
				1
			]
		},
		{
			"Target": "PartOpacity",
			"Id": "eyes",
			"Segments": [
				0,
				1,
				0,
				4.03,
				1
			]
		},
		{
			"Target": "PartOpacity",
			"Id": "Part57",
			"Segments": [
				0,
				1,
				0,
				4.03,
				1
			]
		},
		{
			"Target": "PartOpacity",
			"Id": "Part48",
			"Segments": [
				0,
				1,
				0,
				4.03,
				1
			]
		},
		{
			"Target": "PartOpacity",
			"Id": "brows",
			"Segments": [
				0,
				1,
				0,
				4.03,
				1
			]
		},
		{
			"Target": "PartOpacity",
			"Id": "Part41",
			"Segments": [
				0,
				1,
				0,
				4.03,
				1
			]
		},
		{
			"Target": "PartOpacity",
			"Id": "Part38",
			"Segments": [
				0,
				1,
				0,
				4.03,
				1
			]
		},
		{
			"Target": "PartOpacity",
			"Id": "mouth",
			"Segments": [
				0,
				1,
				0,
				4.03,
				1
			]
		},
		{
			"Target": "PartOpacity",
			"Id": "face2",
			"Segments": [
				0,
				1,
				0,
				4.03,
				1
			]
		},
		{
			"Target": "PartOpacity",
			"Id": "ear2",
			"Segments": [
				0,
				1,
				0,
				4.03,
				1
			]
		},
		{
			"Target": "PartOpacity",
			"Id": "Torso",
			"Segments": [
				0,
				1,
				0,
				4.03,
				1
			]
		},
		{
			"Target": "PartOpacity",
			"Id": "Part47",
			"Segments": [
				0,
				1,
				0,
				4.03,
				1
			]
		},
		{
			"Target": "PartOpacity",
			"Id": "Part51",
			"Segments": [
				0,
				1,
				0,
				4.03,
				1
			]
		},
		{
			"Target": "PartOpacity",
			"Id": "tie_Skinning",
			"Segments": [
				0,
				1,
				0,
				4.03,
				1
			]
		},
		{
			"Target": "PartOpacity",
			"Id": "Arms",
			"Segments": [
				0,
				1,
				0,
				4.03,
				1
			]
		},
		{
			"Target": "PartOpacity",
			"Id": "Part52",
			"Segments": [
				0,
				1,
				0,
				4.03,
				1
			]
		},
		{
			"Target": "PartOpacity",
			"Id": "Part58",
			"Segments": [
				0,
				1,
				0,
				4.03,
				1
			]
		},
		{
			"Target": "PartOpacity",
			"Id": "ArtMesh136_Skinning2",
			"Segments": [
				0,
				1,
				0,
				4.03,
				1
			]
		},
		{
			"Target": "PartOpacity",
			"Id": "Part54",
			"Segments": [
				0,
				1,
				0,
				4.03,
				1
			]
		},
		{
			"Target": "PartOpacity",
			"Id": "ArtMesh136_Skinning",
			"Segments": [
				0,
				1,
				0,
				4.03,
				1
			]
		},
		{
			"Target": "PartOpacity",
			"Id": "legs",
			"Segments": [
				0,
				1,
				0,
				4.03,
				1
			]
		},
		{
			"Target": "PartOpacity",
			"Id": "shoes",
			"Segments": [
				0,
				1,
				0,
				4.03,
				1
			]
		},
		{
			"Target": "PartOpacity",
			"Id": "Part55",
			"Segments": [
				0,
				1,
				0,
				4.03,
				1
			]
		},
		{
			"Target": "PartOpacity",
			"Id": "armsA",
			"Segments": [
				0,
				1,
				0,
				4.03,
				1
			]
		},
		{
			"Target": "PartOpacity",
			"Id": "Part39",
			"Segments": [
				0,
				1,
				0,
				4.03,
				1
			]
		},
		{
			"Target": "PartOpacity",
			"Id": "ArtMesh15_Skinning",
			"Segments": [
				0,
				1,
				0,
				4.03,
				1
			]
		},
		{
			"Target": "PartOpacity",
			"Id": "Part37",
			"Segments": [
				0,
				1,
				0,
				4.03,
				1
			]
		},
		{
			"Target": "PartOpacity",
			"Id": "Part15",
			"Segments": [
				0,
				1,
				0,
				4.03,
				1
			]
		},
		{
			"Target": "PartOpacity",
			"Id": "Part16",
			"Segments": [
				0,
				1,
				0,
				4.03,
				1
			]
		},
		{
			"Target": "PartOpacity",
			"Id": "ArtMesh27_Skinning",
			"Segments": [
				0,
				1,
				0,
				4.03,
				1
			]
		},
		{
			"Target": "PartOpacity",
			"Id": "Part17",
			"Segments": [
				0,
				1,
				0,
				4.03,
				1
			]
		},
		{
			"Target": "PartOpacity",
			"Id": "ArtMesh35_Skinning",
			"Segments": [
				0,
				1,
				0,
				4.03,
				1
			]
		},
		{
			"Target": "PartOpacity",
			"Id": "Part4",
			"Segments": [
				0,
				1,
				0,
				4.03,
				1
			]
		},
		{
			"Target": "PartOpacity",
			"Id": "Eyes3",
			"Segments": [
				0,
				1,
				0,
				4.03,
				1
			]
		},
		{
			"Target": "PartOpacity",
			"Id": "Part11",
			"Segments": [
				0,
				1,
				0,
				4.03,
				1
			]
		},
		{
			"Target": "PartOpacity",
			"Id": "Part2",
			"Segments": [
				0,
				1,
				0,
				4.03,
				1
			]
		},
		{
			"Target": "PartOpacity",
			"Id": "Part26",
			"Segments": [
				0,
				1,
				0,
				4.03,
				1
			]
		},
		{
			"Target": "PartOpacity",
			"Id": "Part40",
			"Segments": [
				0,
				1,
				0,
				4.03,
				1
			]
		},
		{
			"Target": "PartOpacity",
			"Id": "Part27",
			"Segments": [
				0,
				1,
				0,
				4.03,
				1
			]
		},
		{
			"Target": "PartOpacity",
			"Id": "Part10",
			"Segments": [
				0,
				1,
				0,
				4.03,
				1
			]
		},
		{
			"Target": "PartOpacity",
			"Id": "Part8",
			"Segments": [
				0,
				1,
				0,
				4.03,
				1
			]
		},
		{
			"Target": "PartOpacity",
			"Id": "Part62",
			"Segments": [
				0,
				1,
				0,
				4.03,
				1
			]
		},
		{
			"Target": "PartOpacity",
			"Id": "Part6",
			"Segments": [
				0,
				1,
				0,
				4.03,
				1
			]
		},
		{
			"Target": "PartOpacity",
			"Id": "blush",
			"Segments": [
				0,
				1,
				0,
				4.03,
				1
			]
		},
		{
			"Target": "PartOpacity",
			"Id": "Face",
			"Segments": [
				0,
				1,
				0,
				4.03,
				1
			]
		},
		{
			"Target": "PartOpacity",
			"Id": "Part18",
			"Segments": [
				0,
				1,
				0,
				4.03,
				1
			]
		},
		{
			"Target": "PartOpacity",
			"Id": "Part5",
			"Segments": [
				0,
				1,
				0,
				4.03,
				1
			]
		},
		{
			"Target": "PartOpacity",
			"Id": "ear",
			"Segments": [
				0,
				1,
				0,
				4.03,
				1
			]
		},
		{
			"Target": "PartOpacity",
			"Id": "Part34",
			"Segments": [
				0,
				1,
				0,
				4.03,
				1
			]
		},
		{
			"Target": "PartOpacity",
			"Id": "Part53",
			"Segments": [
				0,
				1,
				0,
				4.03,
				1
			]
		},
		{
			"Target": "PartOpacity",
			"Id": "Part13",
			"Segments": [
				0,
				1,
				0,
				4.03,
				1
			]
		},
		{
			"Target": "PartOpacity",
			"Id": "Part21",
			"Segments": [
				0,
				1,
				0,
				4.03,
				1
			]
		},
		{
			"Target": "PartOpacity",
			"Id": "Part22",
			"Segments": [
				0,
				1,
				0,
				4.03,
				1
			]
		},
		{
			"Target": "PartOpacity",
			"Id": "Part23",
			"Segments": [
				0,
				1,
				0,
				4.03,
				1
			]
		},
		{
			"Target": "PartOpacity",
			"Id": "Part24",
			"Segments": [
				0,
				1,
				0,
				4.03,
				1
			]
		},
		{
			"Target": "PartOpacity",
			"Id": "Part",
			"Segments": [
				0,
				1,
				0,
				4.03,
				1
			]
		},
		{
			"Target": "PartOpacity",
			"Id": "Part31",
			"Segments": [
				0,
				1,
				0,
				4.03,
				1
			]
		},
		{
			"Target": "PartOpacity",
			"Id": "Part14",
			"Segments": [
				0,
				1,
				0,
				4.03,
				1
			]
		},
		{
			"Target": "PartOpacity",
			"Id": "ArtMesh37_Skinning2",
			"Segments": [
				0,
				1,
				0,
				4.03,
				1
			]
		},
		{
			"Target": "PartOpacity",
			"Id": "ArtMesh37_Skinning",
			"Segments": [
				0,
				1,
				0,
				4.03,
				1
			]
		},
		{
			"Target": "PartOpacity",
			"Id": "Part12",
			"Segments": [
				0,
				1,
				0,
				4.03,
				1
			]
		},
		{
			"Target": "PartOpacity",
			"Id": "Part3",
			"Segments": [
				0,
				1,
				0,
				4.03,
				1
			]
		},
		{
			"Target": "PartOpacity",
			"Id": "Part20",
			"Segments": [
				0,
				1,
				0,
				4.03,
				1
			]
		},
		{
			"Target": "PartOpacity",
			"Id": "Part43",
			"Segments": [
				0,
				1,
				0,
				4.03,
				1
			]
		},
		{
			"Target": "PartOpacity",
			"Id": "Part44",
			"Segments": [
				0,
				1,
				0,
				4.03,
				1
			]
		},
		{
			"Target": "PartOpacity",
			"Id": "Part45",
			"Segments": [
				0,
				1,
				0,
				4.03,
				1
			]
		},
		{
			"Target": "PartOpacity",
			"Id": "Part7",
			"Segments": [
				0,
				1,
				0,
				4.03,
				1
			]
		},
		{
			"Target": "PartOpacity",
			"Id": "Part28",
			"Segments": [
				0,
				1,
				0,
				4.03,
				1
			]
		},
		{
			"Target": "PartOpacity",
			"Id": "Part46",
			"Segments": [
				0,
				1,
				0,
				4.03,
				1
			]
		},
		{
			"Target": "PartOpacity",
			"Id": "Part49",
			"Segments": [
				0,
				1,
				0,
				4.03,
				1
			]
		},
		{
			"Target": "PartOpacity",
			"Id": "Leg_Skinning",
			"Segments": [
				0,
				1,
				0,
				4.03,
				1
			]
		},
		{
			"Target": "PartOpacity",
			"Id": "Part50",
			"Segments": [
				0,
				1,
				0,
				4.03,
				1
			]
		},
		{
			"Target": "PartOpacity",
			"Id": "ArtMesh8_Skinning",
			"Segments": [
				0,
				1,
				0,
				4.03,
				1
			]
		},
		{
			"Target": "PartOpacity",
			"Id": "Part9",
			"Segments": [
				0,
				1,
				0,
				4.03,
				1
			]
		},
		{
			"Target": "PartOpacity",
			"Id": "Part25",
			"Segments": [
				0,
				1,
				0,
				4.03,
				1
			]
		},
		{
			"Target": "PartOpacity",
			"Id": "Part19",
			"Segments": [
				0,
				1,
				0,
				4.03,
				1
			]
		},
		{
			"Target": "PartOpacity",
			"Id": "Part42",
			"Segments": [
				0,
				1,
				0,
				4.03,
				1
			]
		},
		{
			"Target": "PartOpacity",
			"Id": "Part29",
			"Segments": [
				0,
				1,
				0,
				4.03,
				1
			]
		},
		{
			"Target": "PartOpacity",
			"Id": "Part35",
			"Segments": [
				0,
				1,
				0,
				4.03,
				1
			]
		},
		{
			"Target": "PartOpacity",
			"Id": "Part33",
			"Segments": [
				0,
				1,
				0,
				4.03,
				1
			]
		},
		{
			"Target": "PartOpacity",
			"Id": "Part30",
			"Segments": [
				0,
				1,
				0,
				4.03,
				1
			]
		}
	]
}